[21Apr2026 17:57:16.870] [main/INFO] [net.neoforged.fml.startup.Entrypoint/]: JVM Uptime at startup: 58ms
[21Apr2026 17:57:16.877] [main/INFO] [net.neoforged.fml.loading.FMLLoader/]: Starting FancyModLoader version 10.0.32 (DEDICATED_SERVER in PROD)
[21Apr2026 17:57:16.877] [main/INFO] [net.neoforged.fml.loading.FMLLoader/]: Game directory: /home/503323/userdata/minecraft-neoforge
[21Apr2026 17:57:16.878] [main/DEBUG] [net.neoforged.fml.loading.FMLPaths/CORE]: Path GAMEDIR is /home/503323/userdata/minecraft-neoforge
[21Apr2026 17:57:16.878] [main/DEBUG] [net.neoforged.fml.loading.FMLPaths/CORE]: Path JIJ_CACHEDIR is /home/503323/userdata/minecraft-neoforge/.cache/jij
[21Apr2026 17:57:16.879] [main/DEBUG] [net.neoforged.fml.loading.FMLPaths/CORE]: Path MODSDIR is /home/503323/userdata/minecraft-neoforge/mods
[21Apr2026 17:57:16.879] [main/DEBUG] [net.neoforged.fml.loading.FMLPaths/CORE]: Path CONFIGDIR is /home/503323/userdata/minecraft-neoforge/config
[21Apr2026 17:57:16.879] [main/DEBUG] [net.neoforged.fml.loading.FMLPaths/CORE]: Path FMLCONFIG is /home/503323/userdata/minecraft-neoforge/config/fml.toml
[21Apr2026 17:57:16.908] [main/DEBUG] [net.neoforged.fml.loading.EarlyServiceDiscovery/]: libraries/net/neoforged/fancymodloader/loader/10.0.32/loader-10.0.32.jar contains early service net.neoforged.neoforgespi.locating.IDependencyLocator
[21Apr2026 17:57:16.909] [ForkJoinPool.commonPool-worker-1/DEBUG] [net.neoforged.fml.loading.EarlyServiceDiscovery/]: libraries/net/neoforged/fancymodloader/earlydisplay/10.0.32/earlydisplay-10.0.32.jar contains early service net.neoforged.neoforgespi.earlywindow.ImmediateWindowProvider
[21Apr2026 17:57:16.915] [main/DEBUG] [net.neoforged.fml.loading.moddiscovery.ModFile/LOADING]: Loading mod file libraries/net/neoforged/fancymodloader/loader/10.0.32/loader-10.0.32.jar with languages []
[21Apr2026 17:57:16.915] [ForkJoinPool.commonPool-worker-1/DEBUG] [net.neoforged.fml.loading.moddiscovery.ModFile/LOADING]: Loading mod file libraries/net/neoforged/fancymodloader/earlydisplay/10.0.32/earlydisplay-10.0.32.jar with languages []
[21Apr2026 17:57:16.918] [main/INFO] [net.neoforged.fml.loading.EarlyServiceDiscovery/]: Found 2 early service jars (out of 76) in 13ms
[21Apr2026 17:57:16.919] [main/INFO] [net.neoforged.fml.loading.FMLLoader/]: Loading FML Early Services:
[21Apr2026 17:57:16.920] [main/INFO] [net.neoforged.fml.loading.FMLLoader/]:  - libraries/net/neoforged/fancymodloader/earlydisplay/10.0.32/earlydisplay-10.0.32.jar
[21Apr2026 17:57:16.920] [main/INFO] [net.neoforged.fml.loading.FMLLoader/]:  - libraries/net/neoforged/fancymodloader/loader/10.0.32/loader-10.0.32.jar
[21Apr2026 17:57:16.923] [main/DEBUG] [net.neoforged.fml.util.ServiceLoaderUtil/CORE]: Found 0 implementations of GraphicsBootstrapper:
[21Apr2026 17:57:16.924] [main/INFO] [net.neoforged.fml.loading.ImmediateWindowHandler/]: Not loading early display in headless mode.
[21Apr2026 17:57:16.927] [main/DEBUG] [net.neoforged.fml.util.ServiceLoaderUtil/CORE]: Found 4 implementations of IModFileCandidateLocator:
[21Apr2026 17:57:16.929] [main/DEBUG] [net.neoforged.fml.util.ServiceLoaderUtil/CORE]: 	    1000 - [built-in] net.neoforged.fml.loading.moddiscovery.locators.GameLocator from libraries/net/neoforged/fancymodloader/loader/10.0.32/loader-10.0.32.jar
[21Apr2026 17:57:16.929] [main/DEBUG] [net.neoforged.fml.util.ServiceLoaderUtil/CORE]: 	    1000 - [built-in] net.neoforged.fml.loading.moddiscovery.locators.InDevFolderLocator from libraries/net/neoforged/fancymodloader/loader/10.0.32/loader-10.0.32.jar
[21Apr2026 17:57:16.930] [main/DEBUG] [net.neoforged.fml.util.ServiceLoaderUtil/CORE]: 	    1000 - [built-in] net.neoforged.fml.loading.moddiscovery.locators.InDevJarLocator from libraries/net/neoforged/fancymodloader/loader/10.0.32/loader-10.0.32.jar
[21Apr2026 17:57:16.930] [main/DEBUG] [net.neoforged.fml.util.ServiceLoaderUtil/CORE]: 	       0 - [built-in] net.neoforged.fml.loading.moddiscovery.locators.ModsFolderLocator from libraries/net/neoforged/fancymodloader/loader/10.0.32/loader-10.0.32.jar
[21Apr2026 17:57:16.931] [main/DEBUG] [net.neoforged.fml.util.ServiceLoaderUtil/CORE]: Found 2 implementations of IModFileReader:
[21Apr2026 17:57:16.931] [main/DEBUG] [net.neoforged.fml.util.ServiceLoaderUtil/CORE]: 	       0 - net.neoforged.fml.loading.moddiscovery.readers.JarModsDotTomlModFileReader from libraries/net/neoforged/fancymodloader/loader/10.0.32/loader-10.0.32.jar
[21Apr2026 17:57:16.931] [main/DEBUG] [net.neoforged.fml.util.ServiceLoaderUtil/CORE]: 	   -1000 - net.neoforged.fml.loading.moddiscovery.readers.NestedLibraryModReader from libraries/net/neoforged/fancymodloader/loader/10.0.32/loader-10.0.32.jar
[21Apr2026 17:57:16.932] [main/DEBUG] [net.neoforged.fml.util.ServiceLoaderUtil/CORE]: Found 1 implementations of IDependencyLocator:
[21Apr2026 17:57:16.932] [main/DEBUG] [net.neoforged.fml.util.ServiceLoaderUtil/CORE]: 	       0 - net.neoforged.fml.loading.moddiscovery.locators.JarInJarDependencyLocator from libraries/net/neoforged/fancymodloader/loader/10.0.32/loader-10.0.32.jar
[21Apr2026 17:57:16.936] [main/INFO] [net.neoforged.fml.loading.moddiscovery.locators.GameLocator/]: Failed to find common Minecraft classes and resources on the classpath. Assuming we're launching production.
[21Apr2026 17:57:16.941] [main/DEBUG] [net.neoforged.fml.loading.moddiscovery.ModFileParser/LOADING]: Considering mod file candidate libraries/net/neoforged/minecraft-server-patched/21.10.64/minecraft-server-patched-21.10.64.jar
[21Apr2026 17:57:16.953] [main/DEBUG] [net.neoforged.fml.loading.moddiscovery.ModFileInfo/LOADING]: Found valid mod file minecraft-server-patched-21.10.64.jar with {minecraft} mods - versions {1.21.10}
[21Apr2026 17:57:16.959] [main/DEBUG] [net.neoforged.fml.loading.moddiscovery.ModFile/LOADING]: Loading mod file libraries/net/neoforged/minecraft-server-patched/21.10.64/minecraft-server-patched-21.10.64.jar with languages [LanguageSpec[languageName=minecraft, acceptedVersions=null]]
[21Apr2026 17:57:16.960] [main/DEBUG] [net.neoforged.fml.loading.moddiscovery.ModFileParser/LOADING]: Considering mod file candidate libraries/net/neoforged/neoforge/21.10.64/neoforge-21.10.64-universal.jar
[21Apr2026 17:57:16.962] [main/DEBUG] [net.neoforged.fml.loading.moddiscovery.ModFileInfo/LOADING]: Found valid mod file neoforge-21.10.64-universal.jar with {neoforge} mods - versions {21.10.64}
[21Apr2026 17:57:16.962] [main/DEBUG] [net.neoforged.fml.loading.moddiscovery.ModFile/LOADING]: Loading mod file libraries/net/neoforged/neoforge/21.10.64/neoforge-21.10.64-universal.jar with languages [LanguageSpec[languageName=javafml, acceptedVersions=[3,]]]
[21Apr2026 17:57:16.965] [main/DEBUG] [net.neoforged.fml.loading.moddiscovery.ModFile/LOADING]: Found mixin config MixinConfig[config=neoforge.mixins.json, requiredMods=[], behaviorVersion=null]
[21Apr2026 17:57:16.974] [main/DEBUG] [net.neoforged.fml.loading.moddiscovery.ModFileParser/LOADING]: Considering mod file candidate /home/503323/userdata/minecraft-neoforge/mods/cosmicdungeon-1.4.5.jar
[21Apr2026 17:57:16.977] [main/DEBUG] [net.neoforged.fml.loading.moddiscovery.ModFileInfo/LOADING]: Found valid mod file cosmicdungeon-1.4.5.jar with {cosmicdungeon} mods - versions {1.4.5}
[21Apr2026 17:57:16.978] [main/DEBUG] [net.neoforged.fml.loading.moddiscovery.ModFile/LOADING]: Loading mod file /home/503323/userdata/minecraft-neoforge/mods/cosmicdungeon-1.4.5.jar with languages [LanguageSpec[languageName=null, acceptedVersions=null]]
[21Apr2026 17:57:16.978] [main/DEBUG] [net.neoforged.fml.loading.moddiscovery.ModFileParser/LOADING]: Considering mod file candidate /home/503323/userdata/minecraft-neoforge/mods/MouseTweaks-neoforge-mc1.21.9-2.29.jar
[21Apr2026 17:57:16.979] [main/DEBUG] [net.neoforged.fml.loading.moddiscovery.ModFileInfo/LOADING]: Found valid mod file MouseTweaks-neoforge-mc1.21.9-2.29.jar with {mousetweaks} mods - versions {2.29}
[21Apr2026 17:57:16.979] [main/DEBUG] [net.neoforged.fml.loading.moddiscovery.ModFile/LOADING]: Loading mod file /home/503323/userdata/minecraft-neoforge/mods/MouseTweaks-neoforge-mc1.21.9-2.29.jar with languages [LanguageSpec[languageName=javafml, acceptedVersions=[4,)]]
[21Apr2026 17:57:16.979] [main/DEBUG] [net.neoforged.fml.loading.moddiscovery.ModFile/LOADING]: Found mixin config MixinConfig[config=mousetweaks.mixins.json, requiredMods=[], behaviorVersion=null]
[21Apr2026 17:57:16.979] [main/DEBUG] [net.neoforged.fml.loading.moddiscovery.ModFileParser/LOADING]: Considering mod file candidate /home/503323/userdata/minecraft-neoforge/mods/worldedit-mod-7.3.17.jar
[21Apr2026 17:57:16.980] [main/DEBUG] [net.neoforged.fml.loading.moddiscovery.ModFileInfo/LOADING]: Found valid mod file worldedit-mod-7.3.17.jar with {worldedit} mods - versions {7.3.17+7262-c7fbe08}
[21Apr2026 17:57:16.980] [main/DEBUG] [net.neoforged.fml.loading.moddiscovery.ModFile/LOADING]: Loading mod file /home/503323/userdata/minecraft-neoforge/mods/worldedit-mod-7.3.17.jar with languages [LanguageSpec[languageName=javafml, acceptedVersions=[3,)]]
[21Apr2026 17:57:16.981] [main/DEBUG] [net.neoforged.fml.loading.moddiscovery.ModFile/LOADING]: Found mixin config MixinConfig[config=worldedit-neoforge.mixins.json, requiredMods=[], behaviorVersion=null]
[21Apr2026 17:57:17.030] [main/DEBUG] [net.neoforged.fml.loading.moddiscovery.ModFileParser/LOADING]: Considering mod file candidate /home/503323/userdata/minecraft-neoforge/.cache/jij/28687920b72b0887189d02924eb425f5a7f49864326d0705cc8f717b3b399dc8/worldeditcui-protocol-neoforge-mc1.21.9-4.0.2.jar
[21Apr2026 17:57:17.031] [main/DEBUG] [net.neoforged.fml.loading.moddiscovery.ModFileInfo/LOADING]: Found valid mod file worldeditcui-protocol-neoforge-mc1.21.9-4.0.2.jar with {worldeditcui_protocol} mods - versions {4.0.2}
[21Apr2026 17:57:17.031] [main/DEBUG] [net.neoforged.fml.loading.moddiscovery.ModFile/LOADING]: Loading mod file /home/503323/userdata/minecraft-neoforge/.cache/jij/28687920b72b0887189d02924eb425f5a7f49864326d0705cc8f717b3b399dc8/worldeditcui-protocol-neoforge-mc1.21.9-4.0.2.jar with languages [LanguageSpec[languageName=javafml, acceptedVersions=[2,)]]
[21Apr2026 17:57:17.056] [main/DEBUG] [net.neoforged.fml.loading.moddiscovery.ModFile/LOADING]: Loading mod file /home/503323/userdata/minecraft-neoforge/.cache/jij/9c617719248f8b89847348fc7ea5e705739c147ae5e172551264d225bc9f2507/mixinextras-neoforge-0.5.0.jar with languages []
[21Apr2026 17:57:17.057] [main/DEBUG] [net.neoforged.fml.loading.moddiscovery.ModFile/LOADING]: Loading mod file /home/503323/userdata/minecraft-neoforge/.cache/jij/51629231fe2baaddd60d570ef06ada2b2f1fe8a34133e63afdd748b9ef93f9f1/net.neoforged.neoforge-coremods-21.10.64.jar with languages []
[21Apr2026 17:57:17.080] [main/INFO] [net.neoforged.fml.loading.moddiscovery.locators.JarInJarDependencyLocator/]: Found 3 dependencies adding them to mods collection
[21Apr2026 17:57:17.082] [main/INFO] [net.neoforged.fml.loading.moddiscovery.ModDiscoverer/]: 
     Mod List:
		Name Version (Mod Id)

		Cosmic Dungeon 1.4.5 (cosmicdungeon)
		Minecraft 1.21.10 (minecraft)
		Mouse Tweaks 2.29 (mousetweaks)
		NeoForge 21.10.64 (neoforge)
		WorldEdit 7.3.17+7262-c7fbe08 (worldedit)
		WorldEditCUI Protocol (NeoForge) 4.0.2 (worldeditcui_protocol)
[21Apr2026 17:57:17.085] [main/DEBUG] [net.neoforged.fml.loading.ModSorter/]: Configured system mods: [minecraft, neoforge]
[21Apr2026 17:57:17.085] [main/DEBUG] [net.neoforged.fml.loading.ModSorter/]: Found system mod: minecraft
[21Apr2026 17:57:17.085] [main/DEBUG] [net.neoforged.fml.loading.ModSorter/]: Found system mod: neoforge
[21Apr2026 17:57:17.088] [main/DEBUG] [net.neoforged.fml.loading.ModSorter/LOADING]: Found 6 mod requirements (6 mandatory, 0 optional)
[21Apr2026 17:57:17.088] [main/DEBUG] [net.neoforged.fml.loading.ModSorter/LOADING]: Found 0 mod requirements missing (0 mandatory, 0 optional)
[21Apr2026 17:57:17.284] [main/INFO] [mixin/]: SpongePowered MIXIN Subsystem Version=0.8.7 Source=file:/home/503323/userdata/minecraft-neoforge/libraries/net/fabricmc/sponge-mixin/0.16.5+mixin.0.8.7/sponge-mixin-0.16.5+mixin.0.8.7.jar Service=FML Env=SERVER
[21Apr2026 17:57:17.296] [main/DEBUG] [mixin/]: Initialising Mixin Platform Manager
[21Apr2026 17:57:17.296] [main/DEBUG] [mixin/]: Adding mixin platform agents for container ContainerHandleVirtual(fml:18c85)
[21Apr2026 17:57:17.297] [main/DEBUG] [mixin/]: Instancing new MixinPlatformAgentDefault for ContainerHandleVirtual(fml:18c85)
[21Apr2026 17:57:17.297] [main/DEBUG] [mixin/]: MixinPlatformAgentDefault accepted container ContainerHandleVirtual(fml:18c85)
[21Apr2026 17:57:17.297] [main/DEBUG] [mixin/]: Instancing new MixinPlatformAgentDefault for ContainerHandleVirtual(fml:18c85)
[21Apr2026 17:57:17.298] [main/DEBUG] [mixin/]: MixinPlatformAgentDefault accepted container ContainerHandleVirtual(fml:18c85)
[21Apr2026 17:57:17.298] [main/DEBUG] [mixin/]: Processing prepare() for PlatformAgent[MixinPlatformAgentDefault:ContainerHandleVirtual(fml:18c85)]
[21Apr2026 17:57:17.298] [main/DEBUG] [mixin/]: Processing prepare() for PlatformAgent[MixinPlatformAgentDefault:ContainerHandleVirtual(fml:18c85)]
[21Apr2026 17:57:17.299] [main/INFO] [net.neoforged.fml.loading.FMLLoader/]: Loading FML Plugins:
[21Apr2026 17:57:17.299] [main/INFO] [net.neoforged.fml.loading.FMLLoader/]:  - ~libraries/net/neoforged/neoforge/21.10.64/neoforge-21.10.64-universal.jar > net.neoforged.neoforge-coremods-21.10.64.jar
[21Apr2026 17:57:17.302] [main/DEBUG] [net.neoforged.fml.util.ServiceLoaderUtil/CORE]: Found 2 implementations of IModLanguageLoader:
[21Apr2026 17:57:17.302] [main/DEBUG] [net.neoforged.fml.util.ServiceLoaderUtil/CORE]: 	net.neoforged.fml.javafmlmod.FMLJavaModLanguageProvider from libraries/net/neoforged/fancymodloader/loader/10.0.32/loader-10.0.32.jar
[21Apr2026 17:57:17.302] [main/DEBUG] [net.neoforged.fml.util.ServiceLoaderUtil/CORE]: 	net.neoforged.fml.mclanguageprovider.MinecraftModLanguageProvider from libraries/net/neoforged/fancymodloader/loader/10.0.32/loader-10.0.32.jar
[21Apr2026 17:57:17.303] [main/DEBUG] [net.neoforged.fml.loading.LanguageProviderLoader/CORE]: Found language provider javafml, version 10.0
[21Apr2026 17:57:17.303] [main/DEBUG] [net.neoforged.fml.loading.LanguageProviderLoader/CORE]: Found language provider minecraft, version 10.0
[21Apr2026 17:57:17.305] [main/DEBUG] [net.neoforged.fml.loading.FMLLoader/]: Adding Access Transformer META-INF/accesstransformer.cfg in jar(mods/worldedit-mod-7.3.17.jar)
[21Apr2026 17:57:17.311] [main/DEBUG] [net.neoforged.fml.loading.FMLLoader/]: Adding Access Transformer META-INF/accesstransformer.cfg in jar(~libraries/net/neoforged/neoforge/21.10.64/neoforge-21.10.64-universal.jar)
[21Apr2026 17:57:17.325] [main/DEBUG] [net.neoforged.fml.loading.FMLLoader/]: Adding Access Transformer META-INF/accesstransformergenerated.cfg in jar(~libraries/net/neoforged/neoforge/21.10.64/neoforge-21.10.64-universal.jar)
[21Apr2026 17:57:17.375] [main/DEBUG] [net.neoforged.fml.util.ServiceLoaderUtil/CORE]: Found 4 implementations of ClassProcessor:
[21Apr2026 17:57:17.375] [main/DEBUG] [net.neoforged.fml.util.ServiceLoaderUtil/CORE]: 	[built-in] net.neoforged.fml.common.asm.AccessTransformerService from libraries/net/neoforged/fancymodloader/loader/10.0.32/loader-10.0.32.jar
[21Apr2026 17:57:17.375] [main/DEBUG] [net.neoforged.fml.util.ServiceLoaderUtil/CORE]: 	[built-in] net.neoforged.fml.common.asm.enumextension.RuntimeEnumExtender from libraries/net/neoforged/fancymodloader/loader/10.0.32/loader-10.0.32.jar
[21Apr2026 17:57:17.376] [main/DEBUG] [net.neoforged.fml.util.ServiceLoaderUtil/CORE]: 	[built-in] net.neoforged.fml.common.asm.SimpleProcessorsGroup from libraries/net/neoforged/fancymodloader/loader/10.0.32/loader-10.0.32.jar
[21Apr2026 17:57:17.376] [main/DEBUG] [net.neoforged.fml.util.ServiceLoaderUtil/CORE]: 	[built-in] net.neoforged.fml.loading.mixin.FMLMixinClassProcessor from libraries/net/neoforged/fancymodloader/loader/10.0.32/loader-10.0.32.jar
[21Apr2026 17:57:17.377] [main/DEBUG] [net.neoforged.fml.util.ServiceLoaderUtil/CORE]: Found 1 implementations of ClassProcessorProvider:
[21Apr2026 17:57:17.377] [main/DEBUG] [net.neoforged.fml.util.ServiceLoaderUtil/CORE]: 	net.neoforged.neoforge.coremods.NeoForgeCoreMod from ~libraries/net/neoforged/neoforge/21.10.64/neoforge-21.10.64-universal.jar > net.neoforged.neoforge-coremods-21.10.64.jar
[21Apr2026 17:57:17.396] [main/INFO] [net.neoforged.fml.loading.FMLLoader/]: Building game content classloader:
 - cosmicdungeon (jar(mods/cosmicdungeon-1.4.5.jar))
 - minecraft (jar(~libraries/net/neoforged/minecraft-server-patched/21.10.64/minecraft-server-patched-21.10.64.jar))
 - mixinextras.neoforge (jar(~libraries/net/neoforged/neoforge/21.10.64/neoforge-21.10.64-universal.jar > mixinextras-neoforge-0.5.0.jar))
 - mousetweaks (jar(mods/MouseTweaks-neoforge-mc1.21.9-2.29.jar))
 - neoforge (jar(~libraries/net/neoforged/neoforge/21.10.64/neoforge-21.10.64-universal.jar))
 - net.neoforged.fml.generated (empty(VirtualJar/net.neoforged.fml.generated))
 - worldedit (jar(mods/worldedit-mod-7.3.17.jar))
 - worldeditcui_protocol (jar(mods/worldedit-mod-7.3.17.jar > worldeditcui-protocol-neoforge-mc1.21.9-4.0.2.jar))
[21Apr2026 17:57:17.416] [main/INFO] [net.neoforged.fml.loading.FMLLoader/]: Built game content classloader in 26ms
[21Apr2026 17:57:17.468] [main/DEBUG] [mixin/]: Compatibility level JAVA_17 specified by mousetweaks.mixins.json is lower than the default level supported by the current mixin service (JAVA_21).
[21Apr2026 17:57:17.468] [main/DEBUG] [mixin/]: Compatibility level JAVA_17 specified by mousetweaks.mixins.json is higher than the maximum level supported by this version of mixin (JAVA_13).
[21Apr2026 17:57:17.470] [main/DEBUG] [mixin/]: Compatibility level JAVA_17 specified by worldedit-neoforge.mixins.json is lower than the default level supported by the current mixin service (JAVA_21).
[21Apr2026 17:57:17.470] [main/DEBUG] [mixin/]: Compatibility level JAVA_17 specified by worldedit-neoforge.mixins.json is higher than the maximum level supported by this version of mixin (JAVA_13).
[21Apr2026 17:57:17.470] [main/DEBUG] [mixin/]: Mixin config worldedit-neoforge.mixins.json does not specify "minVersion" or "requiredFeatures" property
[21Apr2026 17:57:17.472] [main/DEBUG] [mixin/]: Processing launch tasks for PlatformAgent[MixinPlatformAgentDefault:ContainerHandleVirtual(fml:18c85)]
[21Apr2026 17:57:17.473] [main/DEBUG] [mixin/]: Processing launch tasks for PlatformAgent[MixinPlatformAgentDefault:ContainerHandleVirtual(fml:18c85)]
[21Apr2026 17:57:17.473] [main/DEBUG] [mixin/]: Adding agents for Mixin Container jar(~libraries/net/neoforged/neoforge/21.10.64/neoforge-21.10.64-universal.jar) > jar(~libraries/net/neoforged/neoforge/21.10.64/neoforge-21.10.64-universal.jar > net.neoforged.neoforge-coremods-21.10.64.jar)
[21Apr2026 17:57:17.473] [main/DEBUG] [mixin/]: Adding mixin platform agents for container jar(~libraries/net/neoforged/neoforge/21.10.64/neoforge-21.10.64-universal.jar) > jar(~libraries/net/neoforged/neoforge/21.10.64/neoforge-21.10.64-universal.jar > net.neoforged.neoforge-coremods-21.10.64.jar)
[21Apr2026 17:57:17.473] [main/DEBUG] [mixin/]: Instancing new MixinPlatformAgentDefault for jar(~libraries/net/neoforged/neoforge/21.10.64/neoforge-21.10.64-universal.jar) > jar(~libraries/net/neoforged/neoforge/21.10.64/neoforge-21.10.64-universal.jar > net.neoforged.neoforge-coremods-21.10.64.jar)
[21Apr2026 17:57:17.473] [main/DEBUG] [mixin/]: MixinPlatformAgentDefault accepted container jar(~libraries/net/neoforged/neoforge/21.10.64/neoforge-21.10.64-universal.jar) > jar(~libraries/net/neoforged/neoforge/21.10.64/neoforge-21.10.64-universal.jar > net.neoforged.neoforge-coremods-21.10.64.jar)
[21Apr2026 17:57:17.473] [main/DEBUG] [mixin/]: Instancing new MixinPlatformAgentDefault for jar(~libraries/net/neoforged/neoforge/21.10.64/neoforge-21.10.64-universal.jar) > jar(~libraries/net/neoforged/neoforge/21.10.64/neoforge-21.10.64-universal.jar > net.neoforged.neoforge-coremods-21.10.64.jar)
[21Apr2026 17:57:17.474] [main/DEBUG] [mixin/]: MixinPlatformAgentDefault accepted container jar(~libraries/net/neoforged/neoforge/21.10.64/neoforge-21.10.64-universal.jar) > jar(~libraries/net/neoforged/neoforge/21.10.64/neoforge-21.10.64-universal.jar > net.neoforged.neoforge-coremods-21.10.64.jar)
[21Apr2026 17:57:17.474] [main/DEBUG] [mixin/]: Processing prepare() for PlatformAgent[MixinPlatformAgentDefault:jar(~libraries/net/neoforged/neoforge/21.10.64/neoforge-21.10.64-universal.jar) > jar(~libraries/net/neoforged/neoforge/21.10.64/neoforge-21.10.64-universal.jar > net.neoforged.neoforge-coremods-21.10.64.jar)]
[21Apr2026 17:57:17.474] [main/DEBUG] [mixin/]: Processing prepare() for PlatformAgent[MixinPlatformAgentDefault:jar(~libraries/net/neoforged/neoforge/21.10.64/neoforge-21.10.64-universal.jar) > jar(~libraries/net/neoforged/neoforge/21.10.64/neoforge-21.10.64-universal.jar > net.neoforged.neoforge-coremods-21.10.64.jar)]
[21Apr2026 17:57:17.474] [main/DEBUG] [mixin/]: Adding agents for Mixin Container jar(~libraries/net/neoforged/neoforge/21.10.64/neoforge-21.10.64-universal.jar) > jar(~libraries/net/neoforged/neoforge/21.10.64/neoforge-21.10.64-universal.jar > mixinextras-neoforge-0.5.0.jar)
[21Apr2026 17:57:17.474] [main/DEBUG] [mixin/]: Adding mixin platform agents for container jar(~libraries/net/neoforged/neoforge/21.10.64/neoforge-21.10.64-universal.jar) > jar(~libraries/net/neoforged/neoforge/21.10.64/neoforge-21.10.64-universal.jar > mixinextras-neoforge-0.5.0.jar)
[21Apr2026 17:57:17.474] [main/DEBUG] [mixin/]: Instancing new MixinPlatformAgentDefault for jar(~libraries/net/neoforged/neoforge/21.10.64/neoforge-21.10.64-universal.jar) > jar(~libraries/net/neoforged/neoforge/21.10.64/neoforge-21.10.64-universal.jar > mixinextras-neoforge-0.5.0.jar)
[21Apr2026 17:57:17.474] [main/DEBUG] [mixin/]: MixinPlatformAgentDefault accepted container jar(~libraries/net/neoforged/neoforge/21.10.64/neoforge-21.10.64-universal.jar) > jar(~libraries/net/neoforged/neoforge/21.10.64/neoforge-21.10.64-universal.jar > mixinextras-neoforge-0.5.0.jar)
[21Apr2026 17:57:17.474] [main/DEBUG] [mixin/]: Instancing new MixinPlatformAgentDefault for jar(~libraries/net/neoforged/neoforge/21.10.64/neoforge-21.10.64-universal.jar) > jar(~libraries/net/neoforged/neoforge/21.10.64/neoforge-21.10.64-universal.jar > mixinextras-neoforge-0.5.0.jar)
[21Apr2026 17:57:17.475] [main/DEBUG] [mixin/]: MixinPlatformAgentDefault accepted container jar(~libraries/net/neoforged/neoforge/21.10.64/neoforge-21.10.64-universal.jar) > jar(~libraries/net/neoforged/neoforge/21.10.64/neoforge-21.10.64-universal.jar > mixinextras-neoforge-0.5.0.jar)
[21Apr2026 17:57:17.475] [main/DEBUG] [mixin/]: Processing prepare() for PlatformAgent[MixinPlatformAgentDefault:jar(~libraries/net/neoforged/neoforge/21.10.64/neoforge-21.10.64-universal.jar) > jar(~libraries/net/neoforged/neoforge/21.10.64/neoforge-21.10.64-universal.jar > mixinextras-neoforge-0.5.0.jar)]
[21Apr2026 17:57:17.475] [main/DEBUG] [mixin/]: Registering mixin config: mixinextras.init.mixins.json source=jar(~libraries/net/neoforged/neoforge/21.10.64/neoforge-21.10.64-universal.jar) > jar(~libraries/net/neoforged/neoforge/21.10.64/neoforge-21.10.64-universal.jar > mixinextras-neoforge-0.5.0.jar)
[21Apr2026 17:57:17.476] [main/DEBUG] [mixin/]: Processing prepare() for PlatformAgent[MixinPlatformAgentDefault:jar(~libraries/net/neoforged/neoforge/21.10.64/neoforge-21.10.64-universal.jar) > jar(~libraries/net/neoforged/neoforge/21.10.64/neoforge-21.10.64-universal.jar > mixinextras-neoforge-0.5.0.jar)]
[21Apr2026 17:57:17.477] [main/DEBUG] [mixin/]: Registering mixin config: mixinextras.init.mixins.json source=jar(~libraries/net/neoforged/neoforge/21.10.64/neoforge-21.10.64-universal.jar) > jar(~libraries/net/neoforged/neoforge/21.10.64/neoforge-21.10.64-universal.jar > mixinextras-neoforge-0.5.0.jar)
[21Apr2026 17:57:17.477] [main/DEBUG] [mixin/]: inject() running with 3 agents
[21Apr2026 17:57:17.477] [main/DEBUG] [mixin/]: Processing inject() for PlatformAgent[MixinPlatformAgentDefault:ContainerHandleVirtual(fml:18c85)]
[21Apr2026 17:57:17.477] [main/DEBUG] [mixin/]: Processing inject() for PlatformAgent[MixinPlatformAgentDefault:ContainerHandleVirtual(fml:18c85)]
[21Apr2026 17:57:17.477] [main/DEBUG] [mixin/]: Processing inject() for PlatformAgent[MixinPlatformAgentDefault:jar(~libraries/net/neoforged/neoforge/21.10.64/neoforge-21.10.64-universal.jar) > jar(~libraries/net/neoforged/neoforge/21.10.64/neoforge-21.10.64-universal.jar > net.neoforged.neoforge-coremods-21.10.64.jar)]
[21Apr2026 17:57:17.477] [main/DEBUG] [mixin/]: Processing inject() for PlatformAgent[MixinPlatformAgentDefault:jar(~libraries/net/neoforged/neoforge/21.10.64/neoforge-21.10.64-universal.jar) > jar(~libraries/net/neoforged/neoforge/21.10.64/neoforge-21.10.64-universal.jar > net.neoforged.neoforge-coremods-21.10.64.jar)]
[21Apr2026 17:57:17.477] [main/DEBUG] [mixin/]: Processing inject() for PlatformAgent[MixinPlatformAgentDefault:jar(~libraries/net/neoforged/neoforge/21.10.64/neoforge-21.10.64-universal.jar) > jar(~libraries/net/neoforged/neoforge/21.10.64/neoforge-21.10.64-universal.jar > mixinextras-neoforge-0.5.0.jar)]
[21Apr2026 17:57:17.477] [main/DEBUG] [mixin/]: Processing inject() for PlatformAgent[MixinPlatformAgentDefault:jar(~libraries/net/neoforged/neoforge/21.10.64/neoforge-21.10.64-universal.jar) > jar(~libraries/net/neoforged/neoforge/21.10.64/neoforge-21.10.64-universal.jar > mixinextras-neoforge-0.5.0.jar)]
[21Apr2026 17:57:17.480] [main/DEBUG] [mixin/]: Preparing mixins for MixinEnvironment[DEFAULT]
[21Apr2026 17:57:17.480] [main/DEBUG] [mixin/]: Selecting config mousetweaks.mixins.json
[21Apr2026 17:57:17.482] [main/DEBUG] [mixin/]: Selecting config worldedit-neoforge.mixins.json
[21Apr2026 17:57:17.482] [main/WARN] [mixin/]: Reference map 'worldedit-neoforge.mixins.refmap.json' for worldedit-neoforge.mixins.json could not be read. If this is a development environment you can ignore this message
[21Apr2026 17:57:17.483] [main/DEBUG] [mixin/]: Selecting config neoforge.mixins.json
[21Apr2026 17:57:17.483] [main/DEBUG] [mixin/]: Selecting config mixinextras.init.mixins.json
[21Apr2026 17:57:17.515] [main/DEBUG] [MixinExtras|Service/]: com.llamalad7.mixinextras.service.MixinExtrasServiceImpl(version=0.5.0) is taking over from null
[21Apr2026 17:57:17.529] [main/DEBUG] [mixin/]: Registering new injector for @Inject with org.spongepowered.asm.mixin.injection.struct.CallbackInjectionInfo
[21Apr2026 17:57:17.530] [main/DEBUG] [mixin/]: Registering new injector for @ModifyArg with org.spongepowered.asm.mixin.injection.struct.ModifyArgInjectionInfo
[21Apr2026 17:57:17.531] [main/DEBUG] [mixin/]: Registering new injector for @ModifyArgs with org.spongepowered.asm.mixin.injection.struct.ModifyArgsInjectionInfo
[21Apr2026 17:57:17.531] [main/DEBUG] [mixin/]: Registering new injector for @Redirect with org.spongepowered.asm.mixin.injection.struct.RedirectInjectionInfo
[21Apr2026 17:57:17.532] [main/DEBUG] [mixin/]: Registering new injector for @ModifyVariable with org.spongepowered.asm.mixin.injection.struct.ModifyVariableInjectionInfo
[21Apr2026 17:57:17.532] [main/DEBUG] [mixin/]: Registering new injector for @ModifyConstant with org.spongepowered.asm.mixin.injection.struct.ModifyConstantInjectionInfo
[21Apr2026 17:57:17.567] [main/DEBUG] [mixin/]: Preparing mousetweaks.mixins.json (1)
[21Apr2026 17:57:17.567] [main/DEBUG] [mixin/]: Preparing worldedit-neoforge.mixins.json (3)
[21Apr2026 17:57:17.595] [main/DEBUG] [mixin/]: Preparing neoforge.mixins.json (2)
[21Apr2026 17:57:17.618] [main/DEBUG] [mixin/]: Preparing mixinextras.init.mixins.json (0)
[21Apr2026 17:57:17.632] [main/DEBUG] [io.netty.util.internal.logging.InternalLoggerFactory/]: Using SLF4J as the default logging framework
[21Apr2026 17:57:17.633] [main/DEBUG] [io.netty.util.ResourceLeakDetector/]: -Dio.netty.leakDetection.level: simple
[21Apr2026 17:57:17.633] [main/DEBUG] [io.netty.util.ResourceLeakDetector/]: -Dio.netty.leakDetection.targetRecords: 4
[21Apr2026 17:57:17.782] [main/DEBUG] [oshi.util.FileUtil/]: Reading file /proc/self/auxv
[21Apr2026 17:57:17.782] [main/DEBUG] [oshi.util.FileUtil/]: Reading file /proc/self/auxv
[21Apr2026 17:57:17.784] [main/DEBUG] [oshi.util.FileUtil/]: Reading file /proc/stat
[21Apr2026 17:57:17.787] [main/DEBUG] [oshi.util.FileUtil/]: Reading file /sys/devices/system/cpu/cpu0/topology/core_id
[21Apr2026 17:57:17.787] [main/DEBUG] [oshi.util.FileUtil/]: Reading file /sys/devices/system/cpu/cpu0/topology/core_id
[21Apr2026 17:57:17.787] [main/DEBUG] [oshi.util.FileUtil/]: Reading file /sys/devices/system/cpu/cpu0/topology/physical_package_id
[21Apr2026 17:57:17.787] [main/DEBUG] [oshi.util.FileUtil/]: Reading file /sys/devices/system/cpu/cpu0/topology/physical_package_id
[21Apr2026 17:57:17.788] [main/DEBUG] [oshi.util.FileUtil/]: Reading file /sys/devices/system/cpu/cpu0/cpu_capacity
[21Apr2026 17:57:17.788] [main/DEBUG] [oshi.util.FileUtil/]: Reading file /sys/devices/system/cpu/cpu0/cache/index0/level
[21Apr2026 17:57:17.789] [main/DEBUG] [oshi.util.FileUtil/]: Reading file /sys/devices/system/cpu/cpu0/cache/index0/level
[21Apr2026 17:57:17.789] [main/DEBUG] [oshi.util.FileUtil/]: Reading file /sys/devices/system/cpu/cpu0/cache/index0/type
[21Apr2026 17:57:17.789] [main/DEBUG] [oshi.util.FileUtil/]: Reading file /sys/devices/system/cpu/cpu0/cache/index0/type
[21Apr2026 17:57:17.789] [main/DEBUG] [oshi.util.FileUtil/]: Reading file /sys/devices/system/cpu/cpu0/cache/index0/ways_of_associativity
[21Apr2026 17:57:17.789] [main/DEBUG] [oshi.util.FileUtil/]: Reading file /sys/devices/system/cpu/cpu0/cache/index0/ways_of_associativity
[21Apr2026 17:57:17.789] [main/DEBUG] [oshi.util.FileUtil/]: Reading file /sys/devices/system/cpu/cpu0/cache/index0/coherency_line_size
[21Apr2026 17:57:17.789] [main/DEBUG] [oshi.util.FileUtil/]: Reading file /sys/devices/system/cpu/cpu0/cache/index0/coherency_line_size
[21Apr2026 17:57:17.790] [main/DEBUG] [oshi.util.FileUtil/]: Reading file /sys/devices/system/cpu/cpu0/cache/index0/size
[21Apr2026 17:57:17.790] [main/DEBUG] [oshi.util.FileUtil/]: Reading file /sys/devices/system/cpu/cpu0/cache/index0/size
[21Apr2026 17:57:17.790] [main/DEBUG] [oshi.util.FileUtil/]: Reading file /sys/devices/system/cpu/cpu0/cache/index1/level
[21Apr2026 17:57:17.790] [main/DEBUG] [oshi.util.FileUtil/]: Reading file /sys/devices/system/cpu/cpu0/cache/index1/level
[21Apr2026 17:57:17.790] [main/DEBUG] [oshi.util.FileUtil/]: Reading file /sys/devices/system/cpu/cpu0/cache/index1/type
[21Apr2026 17:57:17.790] [main/DEBUG] [oshi.util.FileUtil/]: Reading file /sys/devices/system/cpu/cpu0/cache/index1/type
[21Apr2026 17:57:17.790] [main/DEBUG] [oshi.util.FileUtil/]: Reading file /sys/devices/system/cpu/cpu0/cache/index1/ways_of_associativity
[21Apr2026 17:57:17.790] [main/DEBUG] [oshi.util.FileUtil/]: Reading file /sys/devices/system/cpu/cpu0/cache/index1/ways_of_associativity
[21Apr2026 17:57:17.791] [main/DEBUG] [oshi.util.FileUtil/]: Reading file /sys/devices/system/cpu/cpu0/cache/index1/coherency_line_size
[21Apr2026 17:57:17.791] [main/DEBUG] [oshi.util.FileUtil/]: Reading file /sys/devices/system/cpu/cpu0/cache/index1/coherency_line_size
[21Apr2026 17:57:17.791] [main/DEBUG] [oshi.util.FileUtil/]: Reading file /sys/devices/system/cpu/cpu0/cache/index1/size
[21Apr2026 17:57:17.791] [main/DEBUG] [oshi.util.FileUtil/]: Reading file /sys/devices/system/cpu/cpu0/cache/index1/size
[21Apr2026 17:57:17.791] [main/DEBUG] [oshi.util.FileUtil/]: Reading file /sys/devices/system/cpu/cpu0/cache/index2/level
[21Apr2026 17:57:17.791] [main/DEBUG] [oshi.util.FileUtil/]: Reading file /sys/devices/system/cpu/cpu0/cache/index2/level
[21Apr2026 17:57:17.791] [main/DEBUG] [oshi.util.FileUtil/]: Reading file /sys/devices/system/cpu/cpu0/cache/index2/type
[21Apr2026 17:57:17.791] [main/DEBUG] [oshi.util.FileUtil/]: Reading file /sys/devices/system/cpu/cpu0/cache/index2/type
[21Apr2026 17:57:17.791] [main/DEBUG] [oshi.util.FileUtil/]: Reading file /sys/devices/system/cpu/cpu0/cache/index2/ways_of_associativity
[21Apr2026 17:57:17.791] [main/DEBUG] [oshi.util.FileUtil/]: Reading file /sys/devices/system/cpu/cpu0/cache/index2/ways_of_associativity
[21Apr2026 17:57:17.792] [main/DEBUG] [oshi.util.FileUtil/]: Reading file /sys/devices/system/cpu/cpu0/cache/index2/coherency_line_size
[21Apr2026 17:57:17.792] [main/DEBUG] [oshi.util.FileUtil/]: Reading file /sys/devices/system/cpu/cpu0/cache/index2/coherency_line_size
[21Apr2026 17:57:17.792] [main/DEBUG] [oshi.util.FileUtil/]: Reading file /sys/devices/system/cpu/cpu0/cache/index2/size
[21Apr2026 17:57:17.792] [main/DEBUG] [oshi.util.FileUtil/]: Reading file /sys/devices/system/cpu/cpu0/cache/index2/size
[21Apr2026 17:57:17.792] [main/DEBUG] [oshi.util.FileUtil/]: Reading file /sys/devices/system/cpu/cpu0/cache/index3/level
[21Apr2026 17:57:17.792] [main/DEBUG] [oshi.util.FileUtil/]: Reading file /sys/devices/system/cpu/cpu0/cache/index3/level
[21Apr2026 17:57:17.792] [main/DEBUG] [oshi.util.FileUtil/]: Reading file /sys/devices/system/cpu/cpu0/cache/index3/type
[21Apr2026 17:57:17.792] [main/DEBUG] [oshi.util.FileUtil/]: Reading file /sys/devices/system/cpu/cpu0/cache/index3/type
[21Apr2026 17:57:17.792] [main/DEBUG] [oshi.util.FileUtil/]: Reading file /sys/devices/system/cpu/cpu0/cache/index3/ways_of_associativity
[21Apr2026 17:57:17.792] [main/DEBUG] [oshi.util.FileUtil/]: Reading file /sys/devices/system/cpu/cpu0/cache/index3/ways_of_associativity
[21Apr2026 17:57:17.792] [main/DEBUG] [oshi.util.FileUtil/]: Reading file /sys/devices/system/cpu/cpu0/cache/index3/coherency_line_size
[21Apr2026 17:57:17.793] [main/DEBUG] [oshi.util.FileUtil/]: Reading file /sys/devices/system/cpu/cpu0/cache/index3/coherency_line_size
[21Apr2026 17:57:17.793] [main/DEBUG] [oshi.util.FileUtil/]: Reading file /sys/devices/system/cpu/cpu0/cache/index3/size
[21Apr2026 17:57:17.793] [main/DEBUG] [oshi.util.FileUtil/]: Reading file /sys/devices/system/cpu/cpu0/cache/index3/size
[21Apr2026 17:57:17.793] [main/DEBUG] [oshi.util.FileUtil/]: Reading file /sys/devices/system/cpu/cpu1/topology/core_id
[21Apr2026 17:57:17.793] [main/DEBUG] [oshi.util.FileUtil/]: Reading file /sys/devices/system/cpu/cpu1/topology/core_id
[21Apr2026 17:57:17.793] [main/DEBUG] [oshi.util.FileUtil/]: Reading file /sys/devices/system/cpu/cpu1/topology/physical_package_id
[21Apr2026 17:57:17.793] [main/DEBUG] [oshi.util.FileUtil/]: Reading file /sys/devices/system/cpu/cpu1/topology/physical_package_id
[21Apr2026 17:57:17.794] [main/DEBUG] [oshi.util.FileUtil/]: Reading file /sys/devices/system/cpu/cpu1/cpu_capacity
[21Apr2026 17:57:17.794] [main/DEBUG] [oshi.util.FileUtil/]: Reading file /sys/devices/system/cpu/cpu1/cache/index0/level
[21Apr2026 17:57:17.794] [main/DEBUG] [oshi.util.FileUtil/]: Reading file /sys/devices/system/cpu/cpu1/cache/index0/level
[21Apr2026 17:57:17.794] [main/DEBUG] [oshi.util.FileUtil/]: Reading file /sys/devices/system/cpu/cpu1/cache/index0/type
[21Apr2026 17:57:17.794] [main/DEBUG] [oshi.util.FileUtil/]: Reading file /sys/devices/system/cpu/cpu1/cache/index0/type
[21Apr2026 17:57:17.794] [main/DEBUG] [oshi.util.FileUtil/]: Reading file /sys/devices/system/cpu/cpu1/cache/index0/ways_of_associativity
[21Apr2026 17:57:17.794] [main/DEBUG] [oshi.util.FileUtil/]: Reading file /sys/devices/system/cpu/cpu1/cache/index0/ways_of_associativity
[21Apr2026 17:57:17.794] [main/DEBUG] [oshi.util.FileUtil/]: Reading file /sys/devices/system/cpu/cpu1/cache/index0/coherency_line_size
[21Apr2026 17:57:17.794] [main/DEBUG] [oshi.util.FileUtil/]: Reading file /sys/devices/system/cpu/cpu1/cache/index0/coherency_line_size
[21Apr2026 17:57:17.794] [main/DEBUG] [oshi.util.FileUtil/]: Reading file /sys/devices/system/cpu/cpu1/cache/index0/size
[21Apr2026 17:57:17.794] [main/DEBUG] [oshi.util.FileUtil/]: Reading file /sys/devices/system/cpu/cpu1/cache/index0/size
[21Apr2026 17:57:17.795] [main/DEBUG] [oshi.util.FileUtil/]: Reading file /sys/devices/system/cpu/cpu1/cache/index1/level
[21Apr2026 17:57:17.795] [main/DEBUG] [oshi.util.FileUtil/]: Reading file /sys/devices/system/cpu/cpu1/cache/index1/level
[21Apr2026 17:57:17.795] [main/DEBUG] [oshi.util.FileUtil/]: Reading file /sys/devices/system/cpu/cpu1/cache/index1/type
[21Apr2026 17:57:17.795] [main/DEBUG] [oshi.util.FileUtil/]: Reading file /sys/devices/system/cpu/cpu1/cache/index1/type
[21Apr2026 17:57:17.795] [main/DEBUG] [oshi.util.FileUtil/]: Reading file /sys/devices/system/cpu/cpu1/cache/index1/ways_of_associativity
[21Apr2026 17:57:17.795] [main/DEBUG] [oshi.util.FileUtil/]: Reading file /sys/devices/system/cpu/cpu1/cache/index1/ways_of_associativity
[21Apr2026 17:57:17.795] [main/DEBUG] [oshi.util.FileUtil/]: Reading file /sys/devices/system/cpu/cpu1/cache/index1/coherency_line_size
[21Apr2026 17:57:17.795] [main/DEBUG] [oshi.util.FileUtil/]: Reading file /sys/devices/system/cpu/cpu1/cache/index1/coherency_line_size
[21Apr2026 17:57:17.795] [main/DEBUG] [oshi.util.FileUtil/]: Reading file /sys/devices/system/cpu/cpu1/cache/index1/size
[21Apr2026 17:57:17.795] [main/DEBUG] [oshi.util.FileUtil/]: Reading file /sys/devices/system/cpu/cpu1/cache/index1/size
[21Apr2026 17:57:17.796] [main/DEBUG] [oshi.util.FileUtil/]: Reading file /sys/devices/system/cpu/cpu1/cache/index2/level
[21Apr2026 17:57:17.796] [main/DEBUG] [oshi.util.FileUtil/]: Reading file /sys/devices/system/cpu/cpu1/cache/index2/level
[21Apr2026 17:57:17.796] [main/DEBUG] [oshi.util.FileUtil/]: Reading file /sys/devices/system/cpu/cpu1/cache/index2/type
[21Apr2026 17:57:17.796] [main/DEBUG] [oshi.util.FileUtil/]: Reading file /sys/devices/system/cpu/cpu1/cache/index2/type
[21Apr2026 17:57:17.796] [main/DEBUG] [oshi.util.FileUtil/]: Reading file /sys/devices/system/cpu/cpu1/cache/index2/ways_of_associativity
[21Apr2026 17:57:17.796] [main/DEBUG] [oshi.util.FileUtil/]: Reading file /sys/devices/system/cpu/cpu1/cache/index2/ways_of_associativity
[21Apr2026 17:57:17.796] [main/DEBUG] [oshi.util.FileUtil/]: Reading file /sys/devices/system/cpu/cpu1/cache/index2/coherency_line_size
[21Apr2026 17:57:17.796] [main/DEBUG] [oshi.util.FileUtil/]: Reading file /sys/devices/system/cpu/cpu1/cache/index2/coherency_line_size
[21Apr2026 17:57:17.796] [main/DEBUG] [oshi.util.FileUtil/]: Reading file /sys/devices/system/cpu/cpu1/cache/index2/size
[21Apr2026 17:57:17.796] [main/DEBUG] [oshi.util.FileUtil/]: Reading file /sys/devices/system/cpu/cpu1/cache/index2/size
[21Apr2026 17:57:17.796] [main/DEBUG] [oshi.util.FileUtil/]: Reading file /sys/devices/system/cpu/cpu1/cache/index3/level
[21Apr2026 17:57:17.797] [main/DEBUG] [oshi.util.FileUtil/]: Reading file /sys/devices/system/cpu/cpu1/cache/index3/level
[21Apr2026 17:57:17.797] [main/DEBUG] [oshi.util.FileUtil/]: Reading file /sys/devices/system/cpu/cpu1/cache/index3/type
[21Apr2026 17:57:17.797] [main/DEBUG] [oshi.util.FileUtil/]: Reading file /sys/devices/system/cpu/cpu1/cache/index3/type
[21Apr2026 17:57:17.797] [main/DEBUG] [oshi.util.FileUtil/]: Reading file /sys/devices/system/cpu/cpu1/cache/index3/ways_of_associativity
[21Apr2026 17:57:17.797] [main/DEBUG] [oshi.util.FileUtil/]: Reading file /sys/devices/system/cpu/cpu1/cache/index3/ways_of_associativity
[21Apr2026 17:57:17.797] [main/DEBUG] [oshi.util.FileUtil/]: Reading file /sys/devices/system/cpu/cpu1/cache/index3/coherency_line_size
[21Apr2026 17:57:17.797] [main/DEBUG] [oshi.util.FileUtil/]: Reading file /sys/devices/system/cpu/cpu1/cache/index3/coherency_line_size
[21Apr2026 17:57:17.797] [main/DEBUG] [oshi.util.FileUtil/]: Reading file /sys/devices/system/cpu/cpu1/cache/index3/size
[21Apr2026 17:57:17.797] [main/DEBUG] [oshi.util.FileUtil/]: Reading file /sys/devices/system/cpu/cpu1/cache/index3/size
[21Apr2026 17:57:17.798] [main/DEBUG] [oshi.util.FileUtil/]: Reading file /sys/devices/system/cpu/cpu10/topology/core_id
[21Apr2026 17:57:17.798] [main/DEBUG] [oshi.util.FileUtil/]: Reading file /sys/devices/system/cpu/cpu10/topology/core_id
[21Apr2026 17:57:17.798] [main/DEBUG] [oshi.util.FileUtil/]: Reading file /sys/devices/system/cpu/cpu10/topology/physical_package_id
[21Apr2026 17:57:17.798] [main/DEBUG] [oshi.util.FileUtil/]: Reading file /sys/devices/system/cpu/cpu10/topology/physical_package_id
[21Apr2026 17:57:17.798] [main/DEBUG] [oshi.util.FileUtil/]: Reading file /sys/devices/system/cpu/cpu10/cpu_capacity
[21Apr2026 17:57:17.798] [main/DEBUG] [oshi.util.FileUtil/]: Reading file /sys/devices/system/cpu/cpu10/cache/index0/level
[21Apr2026 17:57:17.798] [main/DEBUG] [oshi.util.FileUtil/]: Reading file /sys/devices/system/cpu/cpu10/cache/index0/level
[21Apr2026 17:57:17.798] [main/DEBUG] [oshi.util.FileUtil/]: Reading file /sys/devices/system/cpu/cpu10/cache/index0/type
[21Apr2026 17:57:17.798] [main/DEBUG] [oshi.util.FileUtil/]: Reading file /sys/devices/system/cpu/cpu10/cache/index0/type
[21Apr2026 17:57:17.798] [main/DEBUG] [oshi.util.FileUtil/]: Reading file /sys/devices/system/cpu/cpu10/cache/index0/ways_of_associativity
[21Apr2026 17:57:17.798] [main/DEBUG] [oshi.util.FileUtil/]: Reading file /sys/devices/system/cpu/cpu10/cache/index0/ways_of_associativity
[21Apr2026 17:57:17.799] [main/DEBUG] [oshi.util.FileUtil/]: Reading file /sys/devices/system/cpu/cpu10/cache/index0/coherency_line_size
[21Apr2026 17:57:17.799] [main/DEBUG] [oshi.util.FileUtil/]: Reading file /sys/devices/system/cpu/cpu10/cache/index0/coherency_line_size
[21Apr2026 17:57:17.799] [main/DEBUG] [oshi.util.FileUtil/]: Reading file /sys/devices/system/cpu/cpu10/cache/index0/size
[21Apr2026 17:57:17.799] [main/DEBUG] [oshi.util.FileUtil/]: Reading file /sys/devices/system/cpu/cpu10/cache/index0/size
[21Apr2026 17:57:17.799] [main/DEBUG] [oshi.util.FileUtil/]: Reading file /sys/devices/system/cpu/cpu10/cache/index1/level
[21Apr2026 17:57:17.799] [main/DEBUG] [oshi.util.FileUtil/]: Reading file /sys/devices/system/cpu/cpu10/cache/index1/level
[21Apr2026 17:57:17.799] [main/DEBUG] [oshi.util.FileUtil/]: Reading file /sys/devices/system/cpu/cpu10/cache/index1/type
[21Apr2026 17:57:17.799] [main/DEBUG] [oshi.util.FileUtil/]: Reading file /sys/devices/system/cpu/cpu10/cache/index1/type
[21Apr2026 17:57:17.799] [main/DEBUG] [oshi.util.FileUtil/]: Reading file /sys/devices/system/cpu/cpu10/cache/index1/ways_of_associativity
[21Apr2026 17:57:17.799] [main/DEBUG] [oshi.util.FileUtil/]: Reading file /sys/devices/system/cpu/cpu10/cache/index1/ways_of_associativity
[21Apr2026 17:57:17.799] [main/DEBUG] [oshi.util.FileUtil/]: Reading file /sys/devices/system/cpu/cpu10/cache/index1/coherency_line_size
[21Apr2026 17:57:17.800] [main/DEBUG] [oshi.util.FileUtil/]: Reading file /sys/devices/system/cpu/cpu10/cache/index1/coherency_line_size
[21Apr2026 17:57:17.800] [main/DEBUG] [oshi.util.FileUtil/]: Reading file /sys/devices/system/cpu/cpu10/cache/index1/size
[21Apr2026 17:57:17.800] [main/DEBUG] [oshi.util.FileUtil/]: Reading file /sys/devices/system/cpu/cpu10/cache/index1/size
[21Apr2026 17:57:17.800] [main/DEBUG] [oshi.util.FileUtil/]: Reading file /sys/devices/system/cpu/cpu10/cache/index2/level
[21Apr2026 17:57:17.800] [main/DEBUG] [oshi.util.FileUtil/]: Reading file /sys/devices/system/cpu/cpu10/cache/index2/level
[21Apr2026 17:57:17.800] [main/DEBUG] [oshi.util.FileUtil/]: Reading file /sys/devices/system/cpu/cpu10/cache/index2/type
[21Apr2026 17:57:17.800] [main/DEBUG] [oshi.util.FileUtil/]: Reading file /sys/devices/system/cpu/cpu10/cache/index2/type
[21Apr2026 17:57:17.800] [main/DEBUG] [oshi.util.FileUtil/]: Reading file /sys/devices/system/cpu/cpu10/cache/index2/ways_of_associativity
[21Apr2026 17:57:17.800] [main/DEBUG] [oshi.util.FileUtil/]: Reading file /sys/devices/system/cpu/cpu10/cache/index2/ways_of_associativity
[21Apr2026 17:57:17.800] [main/DEBUG] [oshi.util.FileUtil/]: Reading file /sys/devices/system/cpu/cpu10/cache/index2/coherency_line_size
[21Apr2026 17:57:17.800] [main/DEBUG] [oshi.util.FileUtil/]: Reading file /sys/devices/system/cpu/cpu10/cache/index2/coherency_line_size
[21Apr2026 17:57:17.800] [main/DEBUG] [oshi.util.FileUtil/]: Reading file /sys/devices/system/cpu/cpu10/cache/index2/size
[21Apr2026 17:57:17.801] [main/DEBUG] [oshi.util.FileUtil/]: Reading file /sys/devices/system/cpu/cpu10/cache/index2/size
[21Apr2026 17:57:17.801] [main/DEBUG] [oshi.util.FileUtil/]: Reading file /sys/devices/system/cpu/cpu10/cache/index3/level
[21Apr2026 17:57:17.801] [main/DEBUG] [oshi.util.FileUtil/]: Reading file /sys/devices/system/cpu/cpu10/cache/index3/level
[21Apr2026 17:57:17.801] [main/DEBUG] [oshi.util.FileUtil/]: Reading file /sys/devices/system/cpu/cpu10/cache/index3/type
[21Apr2026 17:57:17.801] [main/DEBUG] [oshi.util.FileUtil/]: Reading file /sys/devices/system/cpu/cpu10/cache/index3/type
[21Apr2026 17:57:17.801] [main/DEBUG] [oshi.util.FileUtil/]: Reading file /sys/devices/system/cpu/cpu10/cache/index3/ways_of_associativity
[21Apr2026 17:57:17.801] [main/DEBUG] [oshi.util.FileUtil/]: Reading file /sys/devices/system/cpu/cpu10/cache/index3/ways_of_associativity
[21Apr2026 17:57:17.801] [main/DEBUG] [oshi.util.FileUtil/]: Reading file /sys/devices/system/cpu/cpu10/cache/index3/coherency_line_size
[21Apr2026 17:57:17.801] [main/DEBUG] [oshi.util.FileUtil/]: Reading file /sys/devices/system/cpu/cpu10/cache/index3/coherency_line_size
[21Apr2026 17:57:17.801] [main/DEBUG] [oshi.util.FileUtil/]: Reading file /sys/devices/system/cpu/cpu10/cache/index3/size
[21Apr2026 17:57:17.801] [main/DEBUG] [oshi.util.FileUtil/]: Reading file /sys/devices/system/cpu/cpu10/cache/index3/size
[21Apr2026 17:57:17.802] [main/DEBUG] [oshi.util.FileUtil/]: Reading file /sys/devices/system/cpu/cpu11/topology/core_id
[21Apr2026 17:57:17.802] [main/DEBUG] [oshi.util.FileUtil/]: Reading file /sys/devices/system/cpu/cpu11/topology/core_id
[21Apr2026 17:57:17.802] [main/DEBUG] [oshi.util.FileUtil/]: Reading file /sys/devices/system/cpu/cpu11/topology/physical_package_id
[21Apr2026 17:57:17.802] [main/DEBUG] [oshi.util.FileUtil/]: Reading file /sys/devices/system/cpu/cpu11/topology/physical_package_id
[21Apr2026 17:57:17.802] [main/DEBUG] [oshi.util.FileUtil/]: Reading file /sys/devices/system/cpu/cpu11/cpu_capacity
[21Apr2026 17:57:17.802] [main/DEBUG] [oshi.util.FileUtil/]: Reading file /sys/devices/system/cpu/cpu11/cache/index0/level
[21Apr2026 17:57:17.802] [main/DEBUG] [oshi.util.FileUtil/]: Reading file /sys/devices/system/cpu/cpu11/cache/index0/level
[21Apr2026 17:57:17.802] [main/DEBUG] [oshi.util.FileUtil/]: Reading file /sys/devices/system/cpu/cpu11/cache/index0/type
[21Apr2026 17:57:17.802] [main/DEBUG] [oshi.util.FileUtil/]: Reading file /sys/devices/system/cpu/cpu11/cache/index0/type
[21Apr2026 17:57:17.803] [main/DEBUG] [oshi.util.FileUtil/]: Reading file /sys/devices/system/cpu/cpu11/cache/index0/ways_of_associativity
[21Apr2026 17:57:17.803] [main/DEBUG] [oshi.util.FileUtil/]: Reading file /sys/devices/system/cpu/cpu11/cache/index0/ways_of_associativity
[21Apr2026 17:57:17.803] [main/DEBUG] [oshi.util.FileUtil/]: Reading file /sys/devices/system/cpu/cpu11/cache/index0/coherency_line_size
[21Apr2026 17:57:17.803] [main/DEBUG] [oshi.util.FileUtil/]: Reading file /sys/devices/system/cpu/cpu11/cache/index0/coherency_line_size
[21Apr2026 17:57:17.803] [main/DEBUG] [oshi.util.FileUtil/]: Reading file /sys/devices/system/cpu/cpu11/cache/index0/size
[21Apr2026 17:57:17.803] [main/DEBUG] [oshi.util.FileUtil/]: Reading file /sys/devices/system/cpu/cpu11/cache/index0/size
[21Apr2026 17:57:17.803] [main/DEBUG] [oshi.util.FileUtil/]: Reading file /sys/devices/system/cpu/cpu11/cache/index1/level
[21Apr2026 17:57:17.803] [main/DEBUG] [oshi.util.FileUtil/]: Reading file /sys/devices/system/cpu/cpu11/cache/index1/level
[21Apr2026 17:57:17.803] [main/DEBUG] [oshi.util.FileUtil/]: Reading file /sys/devices/system/cpu/cpu11/cache/index1/type
[21Apr2026 17:57:17.803] [main/DEBUG] [oshi.util.FileUtil/]: Reading file /sys/devices/system/cpu/cpu11/cache/index1/type
[21Apr2026 17:57:17.803] [main/DEBUG] [oshi.util.FileUtil/]: Reading file /sys/devices/system/cpu/cpu11/cache/index1/ways_of_associativity
[21Apr2026 17:57:17.804] [main/DEBUG] [oshi.util.FileUtil/]: Reading file /sys/devices/system/cpu/cpu11/cache/index1/ways_of_associativity
[21Apr2026 17:57:17.804] [main/DEBUG] [oshi.util.FileUtil/]: Reading file /sys/devices/system/cpu/cpu11/cache/index1/coherency_line_size
[21Apr2026 17:57:17.804] [main/DEBUG] [oshi.util.FileUtil/]: Reading file /sys/devices/system/cpu/cpu11/cache/index1/coherency_line_size
[21Apr2026 17:57:17.804] [main/DEBUG] [oshi.util.FileUtil/]: Reading file /sys/devices/system/cpu/cpu11/cache/index1/size
[21Apr2026 17:57:17.804] [main/DEBUG] [oshi.util.FileUtil/]: Reading file /sys/devices/system/cpu/cpu11/cache/index1/size
[21Apr2026 17:57:17.804] [main/DEBUG] [oshi.util.FileUtil/]: Reading file /sys/devices/system/cpu/cpu11/cache/index2/level
[21Apr2026 17:57:17.804] [main/DEBUG] [oshi.util.FileUtil/]: Reading file /sys/devices/system/cpu/cpu11/cache/index2/level
[21Apr2026 17:57:17.804] [main/DEBUG] [oshi.util.FileUtil/]: Reading file /sys/devices/system/cpu/cpu11/cache/index2/type
[21Apr2026 17:57:17.804] [main/DEBUG] [oshi.util.FileUtil/]: Reading file /sys/devices/system/cpu/cpu11/cache/index2/type
[21Apr2026 17:57:17.804] [main/DEBUG] [oshi.util.FileUtil/]: Reading file /sys/devices/system/cpu/cpu11/cache/index2/ways_of_associativity
[21Apr2026 17:57:17.804] [main/DEBUG] [oshi.util.FileUtil/]: Reading file /sys/devices/system/cpu/cpu11/cache/index2/ways_of_associativity
[21Apr2026 17:57:17.804] [main/DEBUG] [oshi.util.FileUtil/]: Reading file /sys/devices/system/cpu/cpu11/cache/index2/coherency_line_size
[21Apr2026 17:57:17.805] [main/DEBUG] [oshi.util.FileUtil/]: Reading file /sys/devices/system/cpu/cpu11/cache/index2/coherency_line_size
[21Apr2026 17:57:17.805] [main/DEBUG] [oshi.util.FileUtil/]: Reading file /sys/devices/system/cpu/cpu11/cache/index2/size
[21Apr2026 17:57:17.805] [main/DEBUG] [oshi.util.FileUtil/]: Reading file /sys/devices/system/cpu/cpu11/cache/index2/size
[21Apr2026 17:57:17.805] [main/DEBUG] [oshi.util.FileUtil/]: Reading file /sys/devices/system/cpu/cpu11/cache/index3/level
[21Apr2026 17:57:17.805] [main/DEBUG] [oshi.util.FileUtil/]: Reading file /sys/devices/system/cpu/cpu11/cache/index3/level
[21Apr2026 17:57:17.805] [main/DEBUG] [oshi.util.FileUtil/]: Reading file /sys/devices/system/cpu/cpu11/cache/index3/type
[21Apr2026 17:57:17.805] [main/DEBUG] [oshi.util.FileUtil/]: Reading file /sys/devices/system/cpu/cpu11/cache/index3/type
[21Apr2026 17:57:17.805] [main/DEBUG] [oshi.util.FileUtil/]: Reading file /sys/devices/system/cpu/cpu11/cache/index3/ways_of_associativity
[21Apr2026 17:57:17.805] [main/DEBUG] [oshi.util.FileUtil/]: Reading file /sys/devices/system/cpu/cpu11/cache/index3/ways_of_associativity
[21Apr2026 17:57:17.805] [main/DEBUG] [oshi.util.FileUtil/]: Reading file /sys/devices/system/cpu/cpu11/cache/index3/coherency_line_size
[21Apr2026 17:57:17.805] [main/DEBUG] [oshi.util.FileUtil/]: Reading file /sys/devices/system/cpu/cpu11/cache/index3/coherency_line_size
[21Apr2026 17:57:17.805] [main/DEBUG] [oshi.util.FileUtil/]: Reading file /sys/devices/system/cpu/cpu11/cache/index3/size
[21Apr2026 17:57:17.805] [main/DEBUG] [oshi.util.FileUtil/]: Reading file /sys/devices/system/cpu/cpu11/cache/index3/size
[21Apr2026 17:57:17.806] [main/DEBUG] [oshi.util.FileUtil/]: Reading file /sys/devices/system/cpu/cpu12/topology/core_id
[21Apr2026 17:57:17.806] [main/DEBUG] [oshi.util.FileUtil/]: Reading file /sys/devices/system/cpu/cpu12/topology/core_id
[21Apr2026 17:57:17.806] [main/DEBUG] [oshi.util.FileUtil/]: Reading file /sys/devices/system/cpu/cpu12/topology/physical_package_id
[21Apr2026 17:57:17.806] [main/DEBUG] [oshi.util.FileUtil/]: Reading file /sys/devices/system/cpu/cpu12/topology/physical_package_id
[21Apr2026 17:57:17.806] [main/DEBUG] [oshi.util.FileUtil/]: Reading file /sys/devices/system/cpu/cpu12/cpu_capacity
[21Apr2026 17:57:17.806] [main/DEBUG] [oshi.util.FileUtil/]: Reading file /sys/devices/system/cpu/cpu12/cache/index0/level
[21Apr2026 17:57:17.806] [main/DEBUG] [oshi.util.FileUtil/]: Reading file /sys/devices/system/cpu/cpu12/cache/index0/level
[21Apr2026 17:57:17.807] [main/DEBUG] [oshi.util.FileUtil/]: Reading file /sys/devices/system/cpu/cpu12/cache/index0/type
[21Apr2026 17:57:17.807] [main/DEBUG] [oshi.util.FileUtil/]: Reading file /sys/devices/system/cpu/cpu12/cache/index0/type
[21Apr2026 17:57:17.807] [main/DEBUG] [oshi.util.FileUtil/]: Reading file /sys/devices/system/cpu/cpu12/cache/index0/ways_of_associativity
[21Apr2026 17:57:17.807] [main/DEBUG] [oshi.util.FileUtil/]: Reading file /sys/devices/system/cpu/cpu12/cache/index0/ways_of_associativity
[21Apr2026 17:57:17.807] [main/DEBUG] [oshi.util.FileUtil/]: Reading file /sys/devices/system/cpu/cpu12/cache/index0/coherency_line_size
[21Apr2026 17:57:17.807] [main/DEBUG] [oshi.util.FileUtil/]: Reading file /sys/devices/system/cpu/cpu12/cache/index0/coherency_line_size
[21Apr2026 17:57:17.807] [main/DEBUG] [oshi.util.FileUtil/]: Reading file /sys/devices/system/cpu/cpu12/cache/index0/size
[21Apr2026 17:57:17.807] [main/DEBUG] [oshi.util.FileUtil/]: Reading file /sys/devices/system/cpu/cpu12/cache/index0/size
[21Apr2026 17:57:17.807] [main/DEBUG] [oshi.util.FileUtil/]: Reading file /sys/devices/system/cpu/cpu12/cache/index1/level
[21Apr2026 17:57:17.807] [main/DEBUG] [oshi.util.FileUtil/]: Reading file /sys/devices/system/cpu/cpu12/cache/index1/level
[21Apr2026 17:57:17.807] [main/DEBUG] [oshi.util.FileUtil/]: Reading file /sys/devices/system/cpu/cpu12/cache/index1/type
[21Apr2026 17:57:17.807] [main/DEBUG] [oshi.util.FileUtil/]: Reading file /sys/devices/system/cpu/cpu12/cache/index1/type
[21Apr2026 17:57:17.807] [main/DEBUG] [oshi.util.FileUtil/]: Reading file /sys/devices/system/cpu/cpu12/cache/index1/ways_of_associativity
[21Apr2026 17:57:17.808] [main/DEBUG] [oshi.util.FileUtil/]: Reading file /sys/devices/system/cpu/cpu12/cache/index1/ways_of_associativity
[21Apr2026 17:57:17.808] [main/DEBUG] [oshi.util.FileUtil/]: Reading file /sys/devices/system/cpu/cpu12/cache/index1/coherency_line_size
[21Apr2026 17:57:17.808] [main/DEBUG] [oshi.util.FileUtil/]: Reading file /sys/devices/system/cpu/cpu12/cache/index1/coherency_line_size
[21Apr2026 17:57:17.808] [main/DEBUG] [oshi.util.FileUtil/]: Reading file /sys/devices/system/cpu/cpu12/cache/index1/size
[21Apr2026 17:57:17.808] [main/DEBUG] [oshi.util.FileUtil/]: Reading file /sys/devices/system/cpu/cpu12/cache/index1/size
[21Apr2026 17:57:17.808] [main/DEBUG] [oshi.util.FileUtil/]: Reading file /sys/devices/system/cpu/cpu12/cache/index2/level
[21Apr2026 17:57:17.808] [main/DEBUG] [oshi.util.FileUtil/]: Reading file /sys/devices/system/cpu/cpu12/cache/index2/level
[21Apr2026 17:57:17.808] [main/DEBUG] [oshi.util.FileUtil/]: Reading file /sys/devices/system/cpu/cpu12/cache/index2/type
[21Apr2026 17:57:17.808] [main/DEBUG] [oshi.util.FileUtil/]: Reading file /sys/devices/system/cpu/cpu12/cache/index2/type
[21Apr2026 17:57:17.808] [main/DEBUG] [oshi.util.FileUtil/]: Reading file /sys/devices/system/cpu/cpu12/cache/index2/ways_of_associativity
[21Apr2026 17:57:17.808] [main/DEBUG] [oshi.util.FileUtil/]: Reading file /sys/devices/system/cpu/cpu12/cache/index2/ways_of_associativity
[21Apr2026 17:57:17.808] [main/DEBUG] [oshi.util.FileUtil/]: Reading file /sys/devices/system/cpu/cpu12/cache/index2/coherency_line_size
[21Apr2026 17:57:17.808] [main/DEBUG] [oshi.util.FileUtil/]: Reading file /sys/devices/system/cpu/cpu12/cache/index2/coherency_line_size
[21Apr2026 17:57:17.809] [main/DEBUG] [oshi.util.FileUtil/]: Reading file /sys/devices/system/cpu/cpu12/cache/index2/size
[21Apr2026 17:57:17.809] [main/DEBUG] [oshi.util.FileUtil/]: Reading file /sys/devices/system/cpu/cpu12/cache/index2/size
[21Apr2026 17:57:17.809] [main/DEBUG] [oshi.util.FileUtil/]: Reading file /sys/devices/system/cpu/cpu12/cache/index3/level
[21Apr2026 17:57:17.809] [main/DEBUG] [oshi.util.FileUtil/]: Reading file /sys/devices/system/cpu/cpu12/cache/index3/level
[21Apr2026 17:57:17.809] [main/DEBUG] [oshi.util.FileUtil/]: Reading file /sys/devices/system/cpu/cpu12/cache/index3/type
[21Apr2026 17:57:17.809] [main/DEBUG] [oshi.util.FileUtil/]: Reading file /sys/devices/system/cpu/cpu12/cache/index3/type
[21Apr2026 17:57:17.809] [main/DEBUG] [oshi.util.FileUtil/]: Reading file /sys/devices/system/cpu/cpu12/cache/index3/ways_of_associativity
[21Apr2026 17:57:17.809] [main/DEBUG] [oshi.util.FileUtil/]: Reading file /sys/devices/system/cpu/cpu12/cache/index3/ways_of_associativity
[21Apr2026 17:57:17.809] [main/DEBUG] [oshi.util.FileUtil/]: Reading file /sys/devices/system/cpu/cpu12/cache/index3/coherency_line_size
[21Apr2026 17:57:17.809] [main/DEBUG] [oshi.util.FileUtil/]: Reading file /sys/devices/system/cpu/cpu12/cache/index3/coherency_line_size
[21Apr2026 17:57:17.809] [main/DEBUG] [oshi.util.FileUtil/]: Reading file /sys/devices/system/cpu/cpu12/cache/index3/size
[21Apr2026 17:57:17.809] [main/DEBUG] [oshi.util.FileUtil/]: Reading file /sys/devices/system/cpu/cpu12/cache/index3/size
[21Apr2026 17:57:17.810] [main/DEBUG] [oshi.util.FileUtil/]: Reading file /sys/devices/system/cpu/cpu13/topology/core_id
[21Apr2026 17:57:17.810] [main/DEBUG] [oshi.util.FileUtil/]: Reading file /sys/devices/system/cpu/cpu13/topology/core_id
[21Apr2026 17:57:17.810] [main/DEBUG] [oshi.util.FileUtil/]: Reading file /sys/devices/system/cpu/cpu13/topology/physical_package_id
[21Apr2026 17:57:17.810] [main/DEBUG] [oshi.util.FileUtil/]: Reading file /sys/devices/system/cpu/cpu13/topology/physical_package_id
[21Apr2026 17:57:17.810] [main/DEBUG] [oshi.util.FileUtil/]: Reading file /sys/devices/system/cpu/cpu13/cpu_capacity
[21Apr2026 17:57:17.810] [main/DEBUG] [oshi.util.FileUtil/]: Reading file /sys/devices/system/cpu/cpu13/cache/index0/level
[21Apr2026 17:57:17.810] [main/DEBUG] [oshi.util.FileUtil/]: Reading file /sys/devices/system/cpu/cpu13/cache/index0/level
[21Apr2026 17:57:17.810] [main/DEBUG] [oshi.util.FileUtil/]: Reading file /sys/devices/system/cpu/cpu13/cache/index0/type
[21Apr2026 17:57:17.810] [main/DEBUG] [oshi.util.FileUtil/]: Reading file /sys/devices/system/cpu/cpu13/cache/index0/type
[21Apr2026 17:57:17.810] [main/DEBUG] [oshi.util.FileUtil/]: Reading file /sys/devices/system/cpu/cpu13/cache/index0/ways_of_associativity
[21Apr2026 17:57:17.811] [main/DEBUG] [oshi.util.FileUtil/]: Reading file /sys/devices/system/cpu/cpu13/cache/index0/ways_of_associativity
[21Apr2026 17:57:17.811] [main/DEBUG] [oshi.util.FileUtil/]: Reading file /sys/devices/system/cpu/cpu13/cache/index0/coherency_line_size
[21Apr2026 17:57:17.811] [main/DEBUG] [oshi.util.FileUtil/]: Reading file /sys/devices/system/cpu/cpu13/cache/index0/coherency_line_size
[21Apr2026 17:57:17.811] [main/DEBUG] [oshi.util.FileUtil/]: Reading file /sys/devices/system/cpu/cpu13/cache/index0/size
[21Apr2026 17:57:17.811] [main/DEBUG] [oshi.util.FileUtil/]: Reading file /sys/devices/system/cpu/cpu13/cache/index0/size
[21Apr2026 17:57:17.811] [main/DEBUG] [oshi.util.FileUtil/]: Reading file /sys/devices/system/cpu/cpu13/cache/index1/level
[21Apr2026 17:57:17.811] [main/DEBUG] [oshi.util.FileUtil/]: Reading file /sys/devices/system/cpu/cpu13/cache/index1/level
[21Apr2026 17:57:17.811] [main/DEBUG] [oshi.util.FileUtil/]: Reading file /sys/devices/system/cpu/cpu13/cache/index1/type
[21Apr2026 17:57:17.811] [main/DEBUG] [oshi.util.FileUtil/]: Reading file /sys/devices/system/cpu/cpu13/cache/index1/type
[21Apr2026 17:57:17.811] [main/DEBUG] [oshi.util.FileUtil/]: Reading file /sys/devices/system/cpu/cpu13/cache/index1/ways_of_associativity
[21Apr2026 17:57:17.811] [main/DEBUG] [oshi.util.FileUtil/]: Reading file /sys/devices/system/cpu/cpu13/cache/index1/ways_of_associativity
[21Apr2026 17:57:17.811] [main/DEBUG] [oshi.util.FileUtil/]: Reading file /sys/devices/system/cpu/cpu13/cache/index1/coherency_line_size
[21Apr2026 17:57:17.811] [main/DEBUG] [oshi.util.FileUtil/]: Reading file /sys/devices/system/cpu/cpu13/cache/index1/coherency_line_size
[21Apr2026 17:57:17.812] [main/DEBUG] [oshi.util.FileUtil/]: Reading file /sys/devices/system/cpu/cpu13/cache/index1/size
[21Apr2026 17:57:17.812] [main/DEBUG] [oshi.util.FileUtil/]: Reading file /sys/devices/system/cpu/cpu13/cache/index1/size
[21Apr2026 17:57:17.812] [main/DEBUG] [oshi.util.FileUtil/]: Reading file /sys/devices/system/cpu/cpu13/cache/index2/level
[21Apr2026 17:57:17.812] [main/DEBUG] [oshi.util.FileUtil/]: Reading file /sys/devices/system/cpu/cpu13/cache/index2/level
[21Apr2026 17:57:17.812] [main/DEBUG] [oshi.util.FileUtil/]: Reading file /sys/devices/system/cpu/cpu13/cache/index2/type
[21Apr2026 17:57:17.812] [main/DEBUG] [oshi.util.FileUtil/]: Reading file /sys/devices/system/cpu/cpu13/cache/index2/type
[21Apr2026 17:57:17.812] [main/DEBUG] [oshi.util.FileUtil/]: Reading file /sys/devices/system/cpu/cpu13/cache/index2/ways_of_associativity
[21Apr2026 17:57:17.812] [main/DEBUG] [oshi.util.FileUtil/]: Reading file /sys/devices/system/cpu/cpu13/cache/index2/ways_of_associativity
[21Apr2026 17:57:17.812] [main/DEBUG] [oshi.util.FileUtil/]: Reading file /sys/devices/system/cpu/cpu13/cache/index2/coherency_line_size
[21Apr2026 17:57:17.812] [main/DEBUG] [oshi.util.FileUtil/]: Reading file /sys/devices/system/cpu/cpu13/cache/index2/coherency_line_size
[21Apr2026 17:57:17.812] [main/DEBUG] [oshi.util.FileUtil/]: Reading file /sys/devices/system/cpu/cpu13/cache/index2/size
[21Apr2026 17:57:17.812] [main/DEBUG] [oshi.util.FileUtil/]: Reading file /sys/devices/system/cpu/cpu13/cache/index2/size
[21Apr2026 17:57:17.812] [main/DEBUG] [oshi.util.FileUtil/]: Reading file /sys/devices/system/cpu/cpu13/cache/index3/level
[21Apr2026 17:57:17.812] [main/DEBUG] [oshi.util.FileUtil/]: Reading file /sys/devices/system/cpu/cpu13/cache/index3/level
[21Apr2026 17:57:17.813] [main/DEBUG] [oshi.util.FileUtil/]: Reading file /sys/devices/system/cpu/cpu13/cache/index3/type
[21Apr2026 17:57:17.813] [main/DEBUG] [oshi.util.FileUtil/]: Reading file /sys/devices/system/cpu/cpu13/cache/index3/type
[21Apr2026 17:57:17.813] [main/DEBUG] [oshi.util.FileUtil/]: Reading file /sys/devices/system/cpu/cpu13/cache/index3/ways_of_associativity
[21Apr2026 17:57:17.813] [main/DEBUG] [oshi.util.FileUtil/]: Reading file /sys/devices/system/cpu/cpu13/cache/index3/ways_of_associativity
[21Apr2026 17:57:17.813] [main/DEBUG] [oshi.util.FileUtil/]: Reading file /sys/devices/system/cpu/cpu13/cache/index3/coherency_line_size
[21Apr2026 17:57:17.813] [main/DEBUG] [oshi.util.FileUtil/]: Reading file /sys/devices/system/cpu/cpu13/cache/index3/coherency_line_size
[21Apr2026 17:57:17.813] [main/DEBUG] [oshi.util.FileUtil/]: Reading file /sys/devices/system/cpu/cpu13/cache/index3/size
[21Apr2026 17:57:17.813] [main/DEBUG] [oshi.util.FileUtil/]: Reading file /sys/devices/system/cpu/cpu13/cache/index3/size
[21Apr2026 17:57:17.813] [main/DEBUG] [oshi.util.FileUtil/]: Reading file /sys/devices/system/cpu/cpu14/topology/core_id
[21Apr2026 17:57:17.813] [main/DEBUG] [oshi.util.FileUtil/]: Reading file /sys/devices/system/cpu/cpu14/topology/core_id
[21Apr2026 17:57:17.813] [main/DEBUG] [oshi.util.FileUtil/]: Reading file /sys/devices/system/cpu/cpu14/topology/physical_package_id
[21Apr2026 17:57:17.813] [main/DEBUG] [oshi.util.FileUtil/]: Reading file /sys/devices/system/cpu/cpu14/topology/physical_package_id
[21Apr2026 17:57:17.814] [main/DEBUG] [oshi.util.FileUtil/]: Reading file /sys/devices/system/cpu/cpu14/cpu_capacity
[21Apr2026 17:57:17.814] [main/DEBUG] [oshi.util.FileUtil/]: Reading file /sys/devices/system/cpu/cpu14/cache/index0/level
[21Apr2026 17:57:17.814] [main/DEBUG] [oshi.util.FileUtil/]: Reading file /sys/devices/system/cpu/cpu14/cache/index0/level
[21Apr2026 17:57:17.814] [main/DEBUG] [oshi.util.FileUtil/]: Reading file /sys/devices/system/cpu/cpu14/cache/index0/type
[21Apr2026 17:57:17.814] [main/DEBUG] [oshi.util.FileUtil/]: Reading file /sys/devices/system/cpu/cpu14/cache/index0/type
[21Apr2026 17:57:17.814] [main/DEBUG] [oshi.util.FileUtil/]: Reading file /sys/devices/system/cpu/cpu14/cache/index0/ways_of_associativity
[21Apr2026 17:57:17.814] [main/DEBUG] [oshi.util.FileUtil/]: Reading file /sys/devices/system/cpu/cpu14/cache/index0/ways_of_associativity
[21Apr2026 17:57:17.814] [main/DEBUG] [oshi.util.FileUtil/]: Reading file /sys/devices/system/cpu/cpu14/cache/index0/coherency_line_size
[21Apr2026 17:57:17.814] [main/DEBUG] [oshi.util.FileUtil/]: Reading file /sys/devices/system/cpu/cpu14/cache/index0/coherency_line_size
[21Apr2026 17:57:17.814] [main/DEBUG] [oshi.util.FileUtil/]: Reading file /sys/devices/system/cpu/cpu14/cache/index0/size
[21Apr2026 17:57:17.814] [main/DEBUG] [oshi.util.FileUtil/]: Reading file /sys/devices/system/cpu/cpu14/cache/index0/size
[21Apr2026 17:57:17.814] [main/DEBUG] [oshi.util.FileUtil/]: Reading file /sys/devices/system/cpu/cpu14/cache/index1/level
[21Apr2026 17:57:17.814] [main/DEBUG] [oshi.util.FileUtil/]: Reading file /sys/devices/system/cpu/cpu14/cache/index1/level
[21Apr2026 17:57:17.815] [main/DEBUG] [oshi.util.FileUtil/]: Reading file /sys/devices/system/cpu/cpu14/cache/index1/type
[21Apr2026 17:57:17.815] [main/DEBUG] [oshi.util.FileUtil/]: Reading file /sys/devices/system/cpu/cpu14/cache/index1/type
[21Apr2026 17:57:17.815] [main/DEBUG] [oshi.util.FileUtil/]: Reading file /sys/devices/system/cpu/cpu14/cache/index1/ways_of_associativity
[21Apr2026 17:57:17.815] [main/DEBUG] [oshi.util.FileUtil/]: Reading file /sys/devices/system/cpu/cpu14/cache/index1/ways_of_associativity
[21Apr2026 17:57:17.815] [main/DEBUG] [oshi.util.FileUtil/]: Reading file /sys/devices/system/cpu/cpu14/cache/index1/coherency_line_size
[21Apr2026 17:57:17.815] [main/DEBUG] [oshi.util.FileUtil/]: Reading file /sys/devices/system/cpu/cpu14/cache/index1/coherency_line_size
[21Apr2026 17:57:17.815] [main/DEBUG] [oshi.util.FileUtil/]: Reading file /sys/devices/system/cpu/cpu14/cache/index1/size
[21Apr2026 17:57:17.815] [main/DEBUG] [oshi.util.FileUtil/]: Reading file /sys/devices/system/cpu/cpu14/cache/index1/size
[21Apr2026 17:57:17.815] [main/DEBUG] [oshi.util.FileUtil/]: Reading file /sys/devices/system/cpu/cpu14/cache/index2/level
[21Apr2026 17:57:17.815] [main/DEBUG] [oshi.util.FileUtil/]: Reading file /sys/devices/system/cpu/cpu14/cache/index2/level
[21Apr2026 17:57:17.815] [main/DEBUG] [oshi.util.FileUtil/]: Reading file /sys/devices/system/cpu/cpu14/cache/index2/type
[21Apr2026 17:57:17.815] [main/DEBUG] [oshi.util.FileUtil/]: Reading file /sys/devices/system/cpu/cpu14/cache/index2/type
[21Apr2026 17:57:17.815] [main/DEBUG] [oshi.util.FileUtil/]: Reading file /sys/devices/system/cpu/cpu14/cache/index2/ways_of_associativity
[21Apr2026 17:57:17.815] [main/DEBUG] [oshi.util.FileUtil/]: Reading file /sys/devices/system/cpu/cpu14/cache/index2/ways_of_associativity
[21Apr2026 17:57:17.816] [main/DEBUG] [oshi.util.FileUtil/]: Reading file /sys/devices/system/cpu/cpu14/cache/index2/coherency_line_size
[21Apr2026 17:57:17.816] [main/DEBUG] [oshi.util.FileUtil/]: Reading file /sys/devices/system/cpu/cpu14/cache/index2/coherency_line_size
[21Apr2026 17:57:17.816] [main/DEBUG] [oshi.util.FileUtil/]: Reading file /sys/devices/system/cpu/cpu14/cache/index2/size
[21Apr2026 17:57:17.816] [main/DEBUG] [oshi.util.FileUtil/]: Reading file /sys/devices/system/cpu/cpu14/cache/index2/size
[21Apr2026 17:57:17.816] [main/DEBUG] [oshi.util.FileUtil/]: Reading file /sys/devices/system/cpu/cpu14/cache/index3/level
[21Apr2026 17:57:17.816] [main/DEBUG] [oshi.util.FileUtil/]: Reading file /sys/devices/system/cpu/cpu14/cache/index3/level
[21Apr2026 17:57:17.816] [main/DEBUG] [oshi.util.FileUtil/]: Reading file /sys/devices/system/cpu/cpu14/cache/index3/type
[21Apr2026 17:57:17.816] [main/DEBUG] [oshi.util.FileUtil/]: Reading file /sys/devices/system/cpu/cpu14/cache/index3/type
[21Apr2026 17:57:17.816] [main/DEBUG] [oshi.util.FileUtil/]: Reading file /sys/devices/system/cpu/cpu14/cache/index3/ways_of_associativity
[21Apr2026 17:57:17.816] [main/DEBUG] [oshi.util.FileUtil/]: Reading file /sys/devices/system/cpu/cpu14/cache/index3/ways_of_associativity
[21Apr2026 17:57:17.816] [main/DEBUG] [oshi.util.FileUtil/]: Reading file /sys/devices/system/cpu/cpu14/cache/index3/coherency_line_size
[21Apr2026 17:57:17.816] [main/DEBUG] [oshi.util.FileUtil/]: Reading file /sys/devices/system/cpu/cpu14/cache/index3/coherency_line_size
[21Apr2026 17:57:17.816] [main/DEBUG] [oshi.util.FileUtil/]: Reading file /sys/devices/system/cpu/cpu14/cache/index3/size
[21Apr2026 17:57:17.816] [main/DEBUG] [oshi.util.FileUtil/]: Reading file /sys/devices/system/cpu/cpu14/cache/index3/size
[21Apr2026 17:57:17.817] [main/DEBUG] [oshi.util.FileUtil/]: Reading file /sys/devices/system/cpu/cpu15/topology/core_id
[21Apr2026 17:57:17.817] [main/DEBUG] [oshi.util.FileUtil/]: Reading file /sys/devices/system/cpu/cpu15/topology/core_id
[21Apr2026 17:57:17.817] [main/DEBUG] [oshi.util.FileUtil/]: Reading file /sys/devices/system/cpu/cpu15/topology/physical_package_id
[21Apr2026 17:57:17.817] [main/DEBUG] [oshi.util.FileUtil/]: Reading file /sys/devices/system/cpu/cpu15/topology/physical_package_id
[21Apr2026 17:57:17.817] [main/DEBUG] [oshi.util.FileUtil/]: Reading file /sys/devices/system/cpu/cpu15/cpu_capacity
[21Apr2026 17:57:17.817] [main/DEBUG] [oshi.util.FileUtil/]: Reading file /sys/devices/system/cpu/cpu15/cache/index0/level
[21Apr2026 17:57:17.817] [main/DEBUG] [oshi.util.FileUtil/]: Reading file /sys/devices/system/cpu/cpu15/cache/index0/level
[21Apr2026 17:57:17.817] [main/DEBUG] [oshi.util.FileUtil/]: Reading file /sys/devices/system/cpu/cpu15/cache/index0/type
[21Apr2026 17:57:17.817] [main/DEBUG] [oshi.util.FileUtil/]: Reading file /sys/devices/system/cpu/cpu15/cache/index0/type
[21Apr2026 17:57:17.817] [main/DEBUG] [oshi.util.FileUtil/]: Reading file /sys/devices/system/cpu/cpu15/cache/index0/ways_of_associativity
[21Apr2026 17:57:17.817] [main/DEBUG] [oshi.util.FileUtil/]: Reading file /sys/devices/system/cpu/cpu15/cache/index0/ways_of_associativity
[21Apr2026 17:57:17.817] [main/DEBUG] [oshi.util.FileUtil/]: Reading file /sys/devices/system/cpu/cpu15/cache/index0/coherency_line_size
[21Apr2026 17:57:17.817] [main/DEBUG] [oshi.util.FileUtil/]: Reading file /sys/devices/system/cpu/cpu15/cache/index0/coherency_line_size
[21Apr2026 17:57:17.818] [main/DEBUG] [oshi.util.FileUtil/]: Reading file /sys/devices/system/cpu/cpu15/cache/index0/size
[21Apr2026 17:57:17.818] [main/DEBUG] [oshi.util.FileUtil/]: Reading file /sys/devices/system/cpu/cpu15/cache/index0/size
[21Apr2026 17:57:17.818] [main/DEBUG] [oshi.util.FileUtil/]: Reading file /sys/devices/system/cpu/cpu15/cache/index1/level
[21Apr2026 17:57:17.818] [main/DEBUG] [oshi.util.FileUtil/]: Reading file /sys/devices/system/cpu/cpu15/cache/index1/level
[21Apr2026 17:57:17.818] [main/DEBUG] [oshi.util.FileUtil/]: Reading file /sys/devices/system/cpu/cpu15/cache/index1/type
[21Apr2026 17:57:17.818] [main/DEBUG] [oshi.util.FileUtil/]: Reading file /sys/devices/system/cpu/cpu15/cache/index1/type
[21Apr2026 17:57:17.818] [main/DEBUG] [oshi.util.FileUtil/]: Reading file /sys/devices/system/cpu/cpu15/cache/index1/ways_of_associativity
[21Apr2026 17:57:17.818] [main/DEBUG] [oshi.util.FileUtil/]: Reading file /sys/devices/system/cpu/cpu15/cache/index1/ways_of_associativity
[21Apr2026 17:57:17.818] [main/DEBUG] [oshi.util.FileUtil/]: Reading file /sys/devices/system/cpu/cpu15/cache/index1/coherency_line_size
[21Apr2026 17:57:17.818] [main/DEBUG] [oshi.util.FileUtil/]: Reading file /sys/devices/system/cpu/cpu15/cache/index1/coherency_line_size
[21Apr2026 17:57:17.818] [main/DEBUG] [oshi.util.FileUtil/]: Reading file /sys/devices/system/cpu/cpu15/cache/index1/size
[21Apr2026 17:57:17.818] [main/DEBUG] [oshi.util.FileUtil/]: Reading file /sys/devices/system/cpu/cpu15/cache/index1/size
[21Apr2026 17:57:17.818] [main/DEBUG] [oshi.util.FileUtil/]: Reading file /sys/devices/system/cpu/cpu15/cache/index2/level
[21Apr2026 17:57:17.818] [main/DEBUG] [oshi.util.FileUtil/]: Reading file /sys/devices/system/cpu/cpu15/cache/index2/level
[21Apr2026 17:57:17.818] [main/DEBUG] [oshi.util.FileUtil/]: Reading file /sys/devices/system/cpu/cpu15/cache/index2/type
[21Apr2026 17:57:17.818] [main/DEBUG] [oshi.util.FileUtil/]: Reading file /sys/devices/system/cpu/cpu15/cache/index2/type
[21Apr2026 17:57:17.819] [main/DEBUG] [oshi.util.FileUtil/]: Reading file /sys/devices/system/cpu/cpu15/cache/index2/ways_of_associativity
[21Apr2026 17:57:17.819] [main/DEBUG] [oshi.util.FileUtil/]: Reading file /sys/devices/system/cpu/cpu15/cache/index2/ways_of_associativity
[21Apr2026 17:57:17.819] [main/DEBUG] [oshi.util.FileUtil/]: Reading file /sys/devices/system/cpu/cpu15/cache/index2/coherency_line_size
[21Apr2026 17:57:17.819] [main/DEBUG] [oshi.util.FileUtil/]: Reading file /sys/devices/system/cpu/cpu15/cache/index2/coherency_line_size
[21Apr2026 17:57:17.819] [main/DEBUG] [oshi.util.FileUtil/]: Reading file /sys/devices/system/cpu/cpu15/cache/index2/size
[21Apr2026 17:57:17.819] [main/DEBUG] [oshi.util.FileUtil/]: Reading file /sys/devices/system/cpu/cpu15/cache/index2/size
[21Apr2026 17:57:17.819] [main/DEBUG] [oshi.util.FileUtil/]: Reading file /sys/devices/system/cpu/cpu15/cache/index3/level
[21Apr2026 17:57:17.819] [main/DEBUG] [oshi.util.FileUtil/]: Reading file /sys/devices/system/cpu/cpu15/cache/index3/level
[21Apr2026 17:57:17.819] [main/DEBUG] [oshi.util.FileUtil/]: Reading file /sys/devices/system/cpu/cpu15/cache/index3/type
[21Apr2026 17:57:17.819] [main/DEBUG] [oshi.util.FileUtil/]: Reading file /sys/devices/system/cpu/cpu15/cache/index3/type
[21Apr2026 17:57:17.819] [main/DEBUG] [oshi.util.FileUtil/]: Reading file /sys/devices/system/cpu/cpu15/cache/index3/ways_of_associativity
[21Apr2026 17:57:17.819] [main/DEBUG] [oshi.util.FileUtil/]: Reading file /sys/devices/system/cpu/cpu15/cache/index3/ways_of_associativity
[21Apr2026 17:57:17.819] [main/DEBUG] [oshi.util.FileUtil/]: Reading file /sys/devices/system/cpu/cpu15/cache/index3/coherency_line_size
[21Apr2026 17:57:17.819] [main/DEBUG] [oshi.util.FileUtil/]: Reading file /sys/devices/system/cpu/cpu15/cache/index3/coherency_line_size
[21Apr2026 17:57:17.819] [main/DEBUG] [oshi.util.FileUtil/]: Reading file /sys/devices/system/cpu/cpu15/cache/index3/size
[21Apr2026 17:57:17.819] [main/DEBUG] [oshi.util.FileUtil/]: Reading file /sys/devices/system/cpu/cpu15/cache/index3/size
[21Apr2026 17:57:17.820] [main/DEBUG] [oshi.util.FileUtil/]: Reading file /sys/devices/system/cpu/cpu2/topology/core_id
[21Apr2026 17:57:17.820] [main/DEBUG] [oshi.util.FileUtil/]: Reading file /sys/devices/system/cpu/cpu2/topology/core_id
[21Apr2026 17:57:17.820] [main/DEBUG] [oshi.util.FileUtil/]: Reading file /sys/devices/system/cpu/cpu2/topology/physical_package_id
[21Apr2026 17:57:17.820] [main/DEBUG] [oshi.util.FileUtil/]: Reading file /sys/devices/system/cpu/cpu2/topology/physical_package_id
[21Apr2026 17:57:17.820] [main/DEBUG] [oshi.util.FileUtil/]: Reading file /sys/devices/system/cpu/cpu2/cpu_capacity
[21Apr2026 17:57:17.820] [main/DEBUG] [oshi.util.FileUtil/]: Reading file /sys/devices/system/cpu/cpu2/cache/index0/level
[21Apr2026 17:57:17.820] [main/DEBUG] [oshi.util.FileUtil/]: Reading file /sys/devices/system/cpu/cpu2/cache/index0/level
[21Apr2026 17:57:17.820] [main/DEBUG] [oshi.util.FileUtil/]: Reading file /sys/devices/system/cpu/cpu2/cache/index0/type
[21Apr2026 17:57:17.820] [main/DEBUG] [oshi.util.FileUtil/]: Reading file /sys/devices/system/cpu/cpu2/cache/index0/type
[21Apr2026 17:57:17.820] [main/DEBUG] [oshi.util.FileUtil/]: Reading file /sys/devices/system/cpu/cpu2/cache/index0/ways_of_associativity
[21Apr2026 17:57:17.820] [main/DEBUG] [oshi.util.FileUtil/]: Reading file /sys/devices/system/cpu/cpu2/cache/index0/ways_of_associativity
[21Apr2026 17:57:17.820] [main/DEBUG] [oshi.util.FileUtil/]: Reading file /sys/devices/system/cpu/cpu2/cache/index0/coherency_line_size
[21Apr2026 17:57:17.821] [main/DEBUG] [oshi.util.FileUtil/]: Reading file /sys/devices/system/cpu/cpu2/cache/index0/coherency_line_size
[21Apr2026 17:57:17.821] [main/DEBUG] [oshi.util.FileUtil/]: Reading file /sys/devices/system/cpu/cpu2/cache/index0/size
[21Apr2026 17:57:17.821] [main/DEBUG] [oshi.util.FileUtil/]: Reading file /sys/devices/system/cpu/cpu2/cache/index0/size
[21Apr2026 17:57:17.821] [main/DEBUG] [oshi.util.FileUtil/]: Reading file /sys/devices/system/cpu/cpu2/cache/index1/level
[21Apr2026 17:57:17.821] [main/DEBUG] [oshi.util.FileUtil/]: Reading file /sys/devices/system/cpu/cpu2/cache/index1/level
[21Apr2026 17:57:17.821] [main/DEBUG] [oshi.util.FileUtil/]: Reading file /sys/devices/system/cpu/cpu2/cache/index1/type
[21Apr2026 17:57:17.821] [main/DEBUG] [oshi.util.FileUtil/]: Reading file /sys/devices/system/cpu/cpu2/cache/index1/type
[21Apr2026 17:57:17.821] [main/DEBUG] [oshi.util.FileUtil/]: Reading file /sys/devices/system/cpu/cpu2/cache/index1/ways_of_associativity
[21Apr2026 17:57:17.821] [main/DEBUG] [oshi.util.FileUtil/]: Reading file /sys/devices/system/cpu/cpu2/cache/index1/ways_of_associativity
[21Apr2026 17:57:17.821] [main/DEBUG] [oshi.util.FileUtil/]: Reading file /sys/devices/system/cpu/cpu2/cache/index1/coherency_line_size
[21Apr2026 17:57:17.821] [main/DEBUG] [oshi.util.FileUtil/]: Reading file /sys/devices/system/cpu/cpu2/cache/index1/coherency_line_size
[21Apr2026 17:57:17.821] [main/DEBUG] [oshi.util.FileUtil/]: Reading file /sys/devices/system/cpu/cpu2/cache/index1/size
[21Apr2026 17:57:17.821] [main/DEBUG] [oshi.util.FileUtil/]: Reading file /sys/devices/system/cpu/cpu2/cache/index1/size
[21Apr2026 17:57:17.821] [main/DEBUG] [oshi.util.FileUtil/]: Reading file /sys/devices/system/cpu/cpu2/cache/index2/level
[21Apr2026 17:57:17.821] [main/DEBUG] [oshi.util.FileUtil/]: Reading file /sys/devices/system/cpu/cpu2/cache/index2/level
[21Apr2026 17:57:17.821] [main/DEBUG] [oshi.util.FileUtil/]: Reading file /sys/devices/system/cpu/cpu2/cache/index2/type
[21Apr2026 17:57:17.821] [main/DEBUG] [oshi.util.FileUtil/]: Reading file /sys/devices/system/cpu/cpu2/cache/index2/type
[21Apr2026 17:57:17.822] [main/DEBUG] [oshi.util.FileUtil/]: Reading file /sys/devices/system/cpu/cpu2/cache/index2/ways_of_associativity
[21Apr2026 17:57:17.822] [main/DEBUG] [oshi.util.FileUtil/]: Reading file /sys/devices/system/cpu/cpu2/cache/index2/ways_of_associativity
[21Apr2026 17:57:17.822] [main/DEBUG] [oshi.util.FileUtil/]: Reading file /sys/devices/system/cpu/cpu2/cache/index2/coherency_line_size
[21Apr2026 17:57:17.822] [main/DEBUG] [oshi.util.FileUtil/]: Reading file /sys/devices/system/cpu/cpu2/cache/index2/coherency_line_size
[21Apr2026 17:57:17.822] [main/DEBUG] [oshi.util.FileUtil/]: Reading file /sys/devices/system/cpu/cpu2/cache/index2/size
[21Apr2026 17:57:17.822] [main/DEBUG] [oshi.util.FileUtil/]: Reading file /sys/devices/system/cpu/cpu2/cache/index2/size
[21Apr2026 17:57:17.822] [main/DEBUG] [oshi.util.FileUtil/]: Reading file /sys/devices/system/cpu/cpu2/cache/index3/level
[21Apr2026 17:57:17.822] [main/DEBUG] [oshi.util.FileUtil/]: Reading file /sys/devices/system/cpu/cpu2/cache/index3/level
[21Apr2026 17:57:17.822] [main/DEBUG] [oshi.util.FileUtil/]: Reading file /sys/devices/system/cpu/cpu2/cache/index3/type
[21Apr2026 17:57:17.822] [main/DEBUG] [oshi.util.FileUtil/]: Reading file /sys/devices/system/cpu/cpu2/cache/index3/type
[21Apr2026 17:57:17.822] [main/DEBUG] [oshi.util.FileUtil/]: Reading file /sys/devices/system/cpu/cpu2/cache/index3/ways_of_associativity
[21Apr2026 17:57:17.822] [main/DEBUG] [oshi.util.FileUtil/]: Reading file /sys/devices/system/cpu/cpu2/cache/index3/ways_of_associativity
[21Apr2026 17:57:17.822] [main/DEBUG] [oshi.util.FileUtil/]: Reading file /sys/devices/system/cpu/cpu2/cache/index3/coherency_line_size
[21Apr2026 17:57:17.822] [main/DEBUG] [oshi.util.FileUtil/]: Reading file /sys/devices/system/cpu/cpu2/cache/index3/coherency_line_size
[21Apr2026 17:57:17.822] [main/DEBUG] [oshi.util.FileUtil/]: Reading file /sys/devices/system/cpu/cpu2/cache/index3/size
[21Apr2026 17:57:17.822] [main/DEBUG] [oshi.util.FileUtil/]: Reading file /sys/devices/system/cpu/cpu2/cache/index3/size
[21Apr2026 17:57:17.823] [main/DEBUG] [oshi.util.FileUtil/]: Reading file /sys/devices/system/cpu/cpu3/topology/core_id
[21Apr2026 17:57:17.823] [main/DEBUG] [oshi.util.FileUtil/]: Reading file /sys/devices/system/cpu/cpu3/topology/core_id
[21Apr2026 17:57:17.823] [main/DEBUG] [oshi.util.FileUtil/]: Reading file /sys/devices/system/cpu/cpu3/topology/physical_package_id
[21Apr2026 17:57:17.823] [main/DEBUG] [oshi.util.FileUtil/]: Reading file /sys/devices/system/cpu/cpu3/topology/physical_package_id
[21Apr2026 17:57:17.823] [main/DEBUG] [oshi.util.FileUtil/]: Reading file /sys/devices/system/cpu/cpu3/cpu_capacity
[21Apr2026 17:57:17.823] [main/DEBUG] [oshi.util.FileUtil/]: Reading file /sys/devices/system/cpu/cpu3/cache/index0/level
[21Apr2026 17:57:17.823] [main/DEBUG] [oshi.util.FileUtil/]: Reading file /sys/devices/system/cpu/cpu3/cache/index0/level
[21Apr2026 17:57:17.823] [main/DEBUG] [oshi.util.FileUtil/]: Reading file /sys/devices/system/cpu/cpu3/cache/index0/type
[21Apr2026 17:57:17.823] [main/DEBUG] [oshi.util.FileUtil/]: Reading file /sys/devices/system/cpu/cpu3/cache/index0/type
[21Apr2026 17:57:17.823] [main/DEBUG] [oshi.util.FileUtil/]: Reading file /sys/devices/system/cpu/cpu3/cache/index0/ways_of_associativity
[21Apr2026 17:57:17.823] [main/DEBUG] [oshi.util.FileUtil/]: Reading file /sys/devices/system/cpu/cpu3/cache/index0/ways_of_associativity
[21Apr2026 17:57:17.823] [main/DEBUG] [oshi.util.FileUtil/]: Reading file /sys/devices/system/cpu/cpu3/cache/index0/coherency_line_size
[21Apr2026 17:57:17.823] [main/DEBUG] [oshi.util.FileUtil/]: Reading file /sys/devices/system/cpu/cpu3/cache/index0/coherency_line_size
[21Apr2026 17:57:17.823] [main/DEBUG] [oshi.util.FileUtil/]: Reading file /sys/devices/system/cpu/cpu3/cache/index0/size
[21Apr2026 17:57:17.823] [main/DEBUG] [oshi.util.FileUtil/]: Reading file /sys/devices/system/cpu/cpu3/cache/index0/size
[21Apr2026 17:57:17.824] [main/DEBUG] [oshi.util.FileUtil/]: Reading file /sys/devices/system/cpu/cpu3/cache/index1/level
[21Apr2026 17:57:17.824] [main/DEBUG] [oshi.util.FileUtil/]: Reading file /sys/devices/system/cpu/cpu3/cache/index1/level
[21Apr2026 17:57:17.824] [main/DEBUG] [oshi.util.FileUtil/]: Reading file /sys/devices/system/cpu/cpu3/cache/index1/type
[21Apr2026 17:57:17.824] [main/DEBUG] [oshi.util.FileUtil/]: Reading file /sys/devices/system/cpu/cpu3/cache/index1/type
[21Apr2026 17:57:17.824] [main/DEBUG] [oshi.util.FileUtil/]: Reading file /sys/devices/system/cpu/cpu3/cache/index1/ways_of_associativity
[21Apr2026 17:57:17.824] [main/DEBUG] [oshi.util.FileUtil/]: Reading file /sys/devices/system/cpu/cpu3/cache/index1/ways_of_associativity
[21Apr2026 17:57:17.824] [main/DEBUG] [oshi.util.FileUtil/]: Reading file /sys/devices/system/cpu/cpu3/cache/index1/coherency_line_size
[21Apr2026 17:57:17.824] [main/DEBUG] [oshi.util.FileUtil/]: Reading file /sys/devices/system/cpu/cpu3/cache/index1/coherency_line_size
[21Apr2026 17:57:17.824] [main/DEBUG] [oshi.util.FileUtil/]: Reading file /sys/devices/system/cpu/cpu3/cache/index1/size
[21Apr2026 17:57:17.824] [main/DEBUG] [oshi.util.FileUtil/]: Reading file /sys/devices/system/cpu/cpu3/cache/index1/size
[21Apr2026 17:57:17.824] [main/DEBUG] [oshi.util.FileUtil/]: Reading file /sys/devices/system/cpu/cpu3/cache/index2/level
[21Apr2026 17:57:17.824] [main/DEBUG] [oshi.util.FileUtil/]: Reading file /sys/devices/system/cpu/cpu3/cache/index2/level
[21Apr2026 17:57:17.824] [main/DEBUG] [oshi.util.FileUtil/]: Reading file /sys/devices/system/cpu/cpu3/cache/index2/type
[21Apr2026 17:57:17.824] [main/DEBUG] [oshi.util.FileUtil/]: Reading file /sys/devices/system/cpu/cpu3/cache/index2/type
[21Apr2026 17:57:17.824] [main/DEBUG] [oshi.util.FileUtil/]: Reading file /sys/devices/system/cpu/cpu3/cache/index2/ways_of_associativity
[21Apr2026 17:57:17.824] [main/DEBUG] [oshi.util.FileUtil/]: Reading file /sys/devices/system/cpu/cpu3/cache/index2/ways_of_associativity
[21Apr2026 17:57:17.824] [main/DEBUG] [oshi.util.FileUtil/]: Reading file /sys/devices/system/cpu/cpu3/cache/index2/coherency_line_size
[21Apr2026 17:57:17.824] [main/DEBUG] [oshi.util.FileUtil/]: Reading file /sys/devices/system/cpu/cpu3/cache/index2/coherency_line_size
[21Apr2026 17:57:17.824] [main/DEBUG] [oshi.util.FileUtil/]: Reading file /sys/devices/system/cpu/cpu3/cache/index2/size
[21Apr2026 17:57:17.824] [main/DEBUG] [oshi.util.FileUtil/]: Reading file /sys/devices/system/cpu/cpu3/cache/index2/size
[21Apr2026 17:57:17.825] [main/DEBUG] [oshi.util.FileUtil/]: Reading file /sys/devices/system/cpu/cpu3/cache/index3/level
[21Apr2026 17:57:17.825] [main/DEBUG] [oshi.util.FileUtil/]: Reading file /sys/devices/system/cpu/cpu3/cache/index3/level
[21Apr2026 17:57:17.825] [main/DEBUG] [oshi.util.FileUtil/]: Reading file /sys/devices/system/cpu/cpu3/cache/index3/type
[21Apr2026 17:57:17.825] [main/DEBUG] [oshi.util.FileUtil/]: Reading file /sys/devices/system/cpu/cpu3/cache/index3/type
[21Apr2026 17:57:17.825] [main/DEBUG] [oshi.util.FileUtil/]: Reading file /sys/devices/system/cpu/cpu3/cache/index3/ways_of_associativity
[21Apr2026 17:57:17.825] [main/DEBUG] [oshi.util.FileUtil/]: Reading file /sys/devices/system/cpu/cpu3/cache/index3/ways_of_associativity
[21Apr2026 17:57:17.825] [main/DEBUG] [oshi.util.FileUtil/]: Reading file /sys/devices/system/cpu/cpu3/cache/index3/coherency_line_size
[21Apr2026 17:57:17.825] [main/DEBUG] [oshi.util.FileUtil/]: Reading file /sys/devices/system/cpu/cpu3/cache/index3/coherency_line_size
[21Apr2026 17:57:17.825] [main/DEBUG] [oshi.util.FileUtil/]: Reading file /sys/devices/system/cpu/cpu3/cache/index3/size
[21Apr2026 17:57:17.825] [main/DEBUG] [oshi.util.FileUtil/]: Reading file /sys/devices/system/cpu/cpu3/cache/index3/size
[21Apr2026 17:57:17.825] [main/DEBUG] [oshi.util.FileUtil/]: Reading file /sys/devices/system/cpu/cpu4/topology/core_id
[21Apr2026 17:57:17.825] [main/DEBUG] [oshi.util.FileUtil/]: Reading file /sys/devices/system/cpu/cpu4/topology/core_id
[21Apr2026 17:57:17.825] [main/DEBUG] [oshi.util.FileUtil/]: Reading file /sys/devices/system/cpu/cpu4/topology/physical_package_id
[21Apr2026 17:57:17.825] [main/DEBUG] [oshi.util.FileUtil/]: Reading file /sys/devices/system/cpu/cpu4/topology/physical_package_id
[21Apr2026 17:57:17.825] [main/DEBUG] [oshi.util.FileUtil/]: Reading file /sys/devices/system/cpu/cpu4/cpu_capacity
[21Apr2026 17:57:17.826] [main/DEBUG] [oshi.util.FileUtil/]: Reading file /sys/devices/system/cpu/cpu4/cache/index0/level
[21Apr2026 17:57:17.826] [main/DEBUG] [oshi.util.FileUtil/]: Reading file /sys/devices/system/cpu/cpu4/cache/index0/level
[21Apr2026 17:57:17.826] [main/DEBUG] [oshi.util.FileUtil/]: Reading file /sys/devices/system/cpu/cpu4/cache/index0/type
[21Apr2026 17:57:17.826] [main/DEBUG] [oshi.util.FileUtil/]: Reading file /sys/devices/system/cpu/cpu4/cache/index0/type
[21Apr2026 17:57:17.826] [main/DEBUG] [oshi.util.FileUtil/]: Reading file /sys/devices/system/cpu/cpu4/cache/index0/ways_of_associativity
[21Apr2026 17:57:17.826] [main/DEBUG] [oshi.util.FileUtil/]: Reading file /sys/devices/system/cpu/cpu4/cache/index0/ways_of_associativity
[21Apr2026 17:57:17.826] [main/DEBUG] [oshi.util.FileUtil/]: Reading file /sys/devices/system/cpu/cpu4/cache/index0/coherency_line_size
[21Apr2026 17:57:17.826] [main/DEBUG] [oshi.util.FileUtil/]: Reading file /sys/devices/system/cpu/cpu4/cache/index0/coherency_line_size
[21Apr2026 17:57:17.826] [main/DEBUG] [oshi.util.FileUtil/]: Reading file /sys/devices/system/cpu/cpu4/cache/index0/size
[21Apr2026 17:57:17.826] [main/DEBUG] [oshi.util.FileUtil/]: Reading file /sys/devices/system/cpu/cpu4/cache/index0/size
[21Apr2026 17:57:17.826] [main/DEBUG] [oshi.util.FileUtil/]: Reading file /sys/devices/system/cpu/cpu4/cache/index1/level
[21Apr2026 17:57:17.826] [main/DEBUG] [oshi.util.FileUtil/]: Reading file /sys/devices/system/cpu/cpu4/cache/index1/level
[21Apr2026 17:57:17.826] [main/DEBUG] [oshi.util.FileUtil/]: Reading file /sys/devices/system/cpu/cpu4/cache/index1/type
[21Apr2026 17:57:17.826] [main/DEBUG] [oshi.util.FileUtil/]: Reading file /sys/devices/system/cpu/cpu4/cache/index1/type
[21Apr2026 17:57:17.826] [main/DEBUG] [oshi.util.FileUtil/]: Reading file /sys/devices/system/cpu/cpu4/cache/index1/ways_of_associativity
[21Apr2026 17:57:17.826] [main/DEBUG] [oshi.util.FileUtil/]: Reading file /sys/devices/system/cpu/cpu4/cache/index1/ways_of_associativity
[21Apr2026 17:57:17.826] [main/DEBUG] [oshi.util.FileUtil/]: Reading file /sys/devices/system/cpu/cpu4/cache/index1/coherency_line_size
[21Apr2026 17:57:17.826] [main/DEBUG] [oshi.util.FileUtil/]: Reading file /sys/devices/system/cpu/cpu4/cache/index1/coherency_line_size
[21Apr2026 17:57:17.826] [main/DEBUG] [oshi.util.FileUtil/]: Reading file /sys/devices/system/cpu/cpu4/cache/index1/size
[21Apr2026 17:57:17.827] [main/DEBUG] [oshi.util.FileUtil/]: Reading file /sys/devices/system/cpu/cpu4/cache/index1/size
[21Apr2026 17:57:17.827] [main/DEBUG] [oshi.util.FileUtil/]: Reading file /sys/devices/system/cpu/cpu4/cache/index2/level
[21Apr2026 17:57:17.827] [main/DEBUG] [oshi.util.FileUtil/]: Reading file /sys/devices/system/cpu/cpu4/cache/index2/level
[21Apr2026 17:57:17.827] [main/DEBUG] [oshi.util.FileUtil/]: Reading file /sys/devices/system/cpu/cpu4/cache/index2/type
[21Apr2026 17:57:17.827] [main/DEBUG] [oshi.util.FileUtil/]: Reading file /sys/devices/system/cpu/cpu4/cache/index2/type
[21Apr2026 17:57:17.827] [main/DEBUG] [oshi.util.FileUtil/]: Reading file /sys/devices/system/cpu/cpu4/cache/index2/ways_of_associativity
[21Apr2026 17:57:17.827] [main/DEBUG] [oshi.util.FileUtil/]: Reading file /sys/devices/system/cpu/cpu4/cache/index2/ways_of_associativity
[21Apr2026 17:57:17.827] [main/DEBUG] [oshi.util.FileUtil/]: Reading file /sys/devices/system/cpu/cpu4/cache/index2/coherency_line_size
[21Apr2026 17:57:17.827] [main/DEBUG] [oshi.util.FileUtil/]: Reading file /sys/devices/system/cpu/cpu4/cache/index2/coherency_line_size
[21Apr2026 17:57:17.827] [main/DEBUG] [oshi.util.FileUtil/]: Reading file /sys/devices/system/cpu/cpu4/cache/index2/size
[21Apr2026 17:57:17.827] [main/DEBUG] [oshi.util.FileUtil/]: Reading file /sys/devices/system/cpu/cpu4/cache/index2/size
[21Apr2026 17:57:17.827] [main/DEBUG] [oshi.util.FileUtil/]: Reading file /sys/devices/system/cpu/cpu4/cache/index3/level
[21Apr2026 17:57:17.827] [main/DEBUG] [oshi.util.FileUtil/]: Reading file /sys/devices/system/cpu/cpu4/cache/index3/level
[21Apr2026 17:57:17.827] [main/DEBUG] [oshi.util.FileUtil/]: Reading file /sys/devices/system/cpu/cpu4/cache/index3/type
[21Apr2026 17:57:17.827] [main/DEBUG] [oshi.util.FileUtil/]: Reading file /sys/devices/system/cpu/cpu4/cache/index3/type
[21Apr2026 17:57:17.827] [main/DEBUG] [oshi.util.FileUtil/]: Reading file /sys/devices/system/cpu/cpu4/cache/index3/ways_of_associativity
[21Apr2026 17:57:17.827] [main/DEBUG] [oshi.util.FileUtil/]: Reading file /sys/devices/system/cpu/cpu4/cache/index3/ways_of_associativity
[21Apr2026 17:57:17.827] [main/DEBUG] [oshi.util.FileUtil/]: Reading file /sys/devices/system/cpu/cpu4/cache/index3/coherency_line_size
[21Apr2026 17:57:17.827] [main/DEBUG] [oshi.util.FileUtil/]: Reading file /sys/devices/system/cpu/cpu4/cache/index3/coherency_line_size
[21Apr2026 17:57:17.827] [main/DEBUG] [oshi.util.FileUtil/]: Reading file /sys/devices/system/cpu/cpu4/cache/index3/size
[21Apr2026 17:57:17.827] [main/DEBUG] [oshi.util.FileUtil/]: Reading file /sys/devices/system/cpu/cpu4/cache/index3/size
[21Apr2026 17:57:17.828] [main/DEBUG] [oshi.util.FileUtil/]: Reading file /sys/devices/system/cpu/cpu5/topology/core_id
[21Apr2026 17:57:17.828] [main/DEBUG] [oshi.util.FileUtil/]: Reading file /sys/devices/system/cpu/cpu5/topology/core_id
[21Apr2026 17:57:17.828] [main/DEBUG] [oshi.util.FileUtil/]: Reading file /sys/devices/system/cpu/cpu5/topology/physical_package_id
[21Apr2026 17:57:17.828] [main/DEBUG] [oshi.util.FileUtil/]: Reading file /sys/devices/system/cpu/cpu5/topology/physical_package_id
[21Apr2026 17:57:17.828] [main/DEBUG] [oshi.util.FileUtil/]: Reading file /sys/devices/system/cpu/cpu5/cpu_capacity
[21Apr2026 17:57:17.828] [main/DEBUG] [oshi.util.FileUtil/]: Reading file /sys/devices/system/cpu/cpu5/cache/index0/level
[21Apr2026 17:57:17.828] [main/DEBUG] [oshi.util.FileUtil/]: Reading file /sys/devices/system/cpu/cpu5/cache/index0/level
[21Apr2026 17:57:17.828] [main/DEBUG] [oshi.util.FileUtil/]: Reading file /sys/devices/system/cpu/cpu5/cache/index0/type
[21Apr2026 17:57:17.828] [main/DEBUG] [oshi.util.FileUtil/]: Reading file /sys/devices/system/cpu/cpu5/cache/index0/type
[21Apr2026 17:57:17.828] [main/DEBUG] [oshi.util.FileUtil/]: Reading file /sys/devices/system/cpu/cpu5/cache/index0/ways_of_associativity
[21Apr2026 17:57:17.828] [main/DEBUG] [oshi.util.FileUtil/]: Reading file /sys/devices/system/cpu/cpu5/cache/index0/ways_of_associativity
[21Apr2026 17:57:17.828] [main/DEBUG] [oshi.util.FileUtil/]: Reading file /sys/devices/system/cpu/cpu5/cache/index0/coherency_line_size
[21Apr2026 17:57:17.828] [main/DEBUG] [oshi.util.FileUtil/]: Reading file /sys/devices/system/cpu/cpu5/cache/index0/coherency_line_size
[21Apr2026 17:57:17.828] [main/DEBUG] [oshi.util.FileUtil/]: Reading file /sys/devices/system/cpu/cpu5/cache/index0/size
[21Apr2026 17:57:17.828] [main/DEBUG] [oshi.util.FileUtil/]: Reading file /sys/devices/system/cpu/cpu5/cache/index0/size
[21Apr2026 17:57:17.829] [main/DEBUG] [oshi.util.FileUtil/]: Reading file /sys/devices/system/cpu/cpu5/cache/index1/level
[21Apr2026 17:57:17.829] [main/DEBUG] [oshi.util.FileUtil/]: Reading file /sys/devices/system/cpu/cpu5/cache/index1/level
[21Apr2026 17:57:17.829] [main/DEBUG] [oshi.util.FileUtil/]: Reading file /sys/devices/system/cpu/cpu5/cache/index1/type
[21Apr2026 17:57:17.829] [main/DEBUG] [oshi.util.FileUtil/]: Reading file /sys/devices/system/cpu/cpu5/cache/index1/type
[21Apr2026 17:57:17.829] [main/DEBUG] [oshi.util.FileUtil/]: Reading file /sys/devices/system/cpu/cpu5/cache/index1/ways_of_associativity
[21Apr2026 17:57:17.829] [main/DEBUG] [oshi.util.FileUtil/]: Reading file /sys/devices/system/cpu/cpu5/cache/index1/ways_of_associativity
[21Apr2026 17:57:17.829] [main/DEBUG] [oshi.util.FileUtil/]: Reading file /sys/devices/system/cpu/cpu5/cache/index1/coherency_line_size
[21Apr2026 17:57:17.829] [main/DEBUG] [oshi.util.FileUtil/]: Reading file /sys/devices/system/cpu/cpu5/cache/index1/coherency_line_size
[21Apr2026 17:57:17.829] [main/DEBUG] [oshi.util.FileUtil/]: Reading file /sys/devices/system/cpu/cpu5/cache/index1/size
[21Apr2026 17:57:17.829] [main/DEBUG] [oshi.util.FileUtil/]: Reading file /sys/devices/system/cpu/cpu5/cache/index1/size
[21Apr2026 17:57:17.829] [main/DEBUG] [oshi.util.FileUtil/]: Reading file /sys/devices/system/cpu/cpu5/cache/index2/level
[21Apr2026 17:57:17.829] [main/DEBUG] [oshi.util.FileUtil/]: Reading file /sys/devices/system/cpu/cpu5/cache/index2/level
[21Apr2026 17:57:17.829] [main/DEBUG] [oshi.util.FileUtil/]: Reading file /sys/devices/system/cpu/cpu5/cache/index2/type
[21Apr2026 17:57:17.829] [main/DEBUG] [oshi.util.FileUtil/]: Reading file /sys/devices/system/cpu/cpu5/cache/index2/type
[21Apr2026 17:57:17.829] [main/DEBUG] [oshi.util.FileUtil/]: Reading file /sys/devices/system/cpu/cpu5/cache/index2/ways_of_associativity
[21Apr2026 17:57:17.829] [main/DEBUG] [oshi.util.FileUtil/]: Reading file /sys/devices/system/cpu/cpu5/cache/index2/ways_of_associativity
[21Apr2026 17:57:17.829] [main/DEBUG] [oshi.util.FileUtil/]: Reading file /sys/devices/system/cpu/cpu5/cache/index2/coherency_line_size
[21Apr2026 17:57:17.829] [main/DEBUG] [oshi.util.FileUtil/]: Reading file /sys/devices/system/cpu/cpu5/cache/index2/coherency_line_size
[21Apr2026 17:57:17.829] [main/DEBUG] [oshi.util.FileUtil/]: Reading file /sys/devices/system/cpu/cpu5/cache/index2/size
[21Apr2026 17:57:17.829] [main/DEBUG] [oshi.util.FileUtil/]: Reading file /sys/devices/system/cpu/cpu5/cache/index2/size
[21Apr2026 17:57:17.830] [main/DEBUG] [oshi.util.FileUtil/]: Reading file /sys/devices/system/cpu/cpu5/cache/index3/level
[21Apr2026 17:57:17.830] [main/DEBUG] [oshi.util.FileUtil/]: Reading file /sys/devices/system/cpu/cpu5/cache/index3/level
[21Apr2026 17:57:17.830] [main/DEBUG] [oshi.util.FileUtil/]: Reading file /sys/devices/system/cpu/cpu5/cache/index3/type
[21Apr2026 17:57:17.830] [main/DEBUG] [oshi.util.FileUtil/]: Reading file /sys/devices/system/cpu/cpu5/cache/index3/type
[21Apr2026 17:57:17.830] [main/DEBUG] [oshi.util.FileUtil/]: Reading file /sys/devices/system/cpu/cpu5/cache/index3/ways_of_associativity
[21Apr2026 17:57:17.830] [main/DEBUG] [oshi.util.FileUtil/]: Reading file /sys/devices/system/cpu/cpu5/cache/index3/ways_of_associativity
[21Apr2026 17:57:17.830] [main/DEBUG] [oshi.util.FileUtil/]: Reading file /sys/devices/system/cpu/cpu5/cache/index3/coherency_line_size
[21Apr2026 17:57:17.830] [main/DEBUG] [oshi.util.FileUtil/]: Reading file /sys/devices/system/cpu/cpu5/cache/index3/coherency_line_size
[21Apr2026 17:57:17.830] [main/DEBUG] [oshi.util.FileUtil/]: Reading file /sys/devices/system/cpu/cpu5/cache/index3/size
[21Apr2026 17:57:17.830] [main/DEBUG] [oshi.util.FileUtil/]: Reading file /sys/devices/system/cpu/cpu5/cache/index3/size
[21Apr2026 17:57:17.830] [main/DEBUG] [oshi.util.FileUtil/]: Reading file /sys/devices/system/cpu/cpu6/topology/core_id
[21Apr2026 17:57:17.830] [main/DEBUG] [oshi.util.FileUtil/]: Reading file /sys/devices/system/cpu/cpu6/topology/core_id
[21Apr2026 17:57:17.830] [main/DEBUG] [oshi.util.FileUtil/]: Reading file /sys/devices/system/cpu/cpu6/topology/physical_package_id
[21Apr2026 17:57:17.830] [main/DEBUG] [oshi.util.FileUtil/]: Reading file /sys/devices/system/cpu/cpu6/topology/physical_package_id
[21Apr2026 17:57:17.830] [main/DEBUG] [oshi.util.FileUtil/]: Reading file /sys/devices/system/cpu/cpu6/cpu_capacity
[21Apr2026 17:57:17.830] [main/DEBUG] [oshi.util.FileUtil/]: Reading file /sys/devices/system/cpu/cpu6/cache/index0/level
[21Apr2026 17:57:17.830] [main/DEBUG] [oshi.util.FileUtil/]: Reading file /sys/devices/system/cpu/cpu6/cache/index0/level
[21Apr2026 17:57:17.831] [main/DEBUG] [oshi.util.FileUtil/]: Reading file /sys/devices/system/cpu/cpu6/cache/index0/type
[21Apr2026 17:57:17.831] [main/DEBUG] [oshi.util.FileUtil/]: Reading file /sys/devices/system/cpu/cpu6/cache/index0/type
[21Apr2026 17:57:17.831] [main/DEBUG] [oshi.util.FileUtil/]: Reading file /sys/devices/system/cpu/cpu6/cache/index0/ways_of_associativity
[21Apr2026 17:57:17.831] [main/DEBUG] [oshi.util.FileUtil/]: Reading file /sys/devices/system/cpu/cpu6/cache/index0/ways_of_associativity
[21Apr2026 17:57:17.831] [main/DEBUG] [oshi.util.FileUtil/]: Reading file /sys/devices/system/cpu/cpu6/cache/index0/coherency_line_size
[21Apr2026 17:57:17.831] [main/DEBUG] [oshi.util.FileUtil/]: Reading file /sys/devices/system/cpu/cpu6/cache/index0/coherency_line_size
[21Apr2026 17:57:17.831] [main/DEBUG] [oshi.util.FileUtil/]: Reading file /sys/devices/system/cpu/cpu6/cache/index0/size
[21Apr2026 17:57:17.831] [main/DEBUG] [oshi.util.FileUtil/]: Reading file /sys/devices/system/cpu/cpu6/cache/index0/size
[21Apr2026 17:57:17.831] [main/DEBUG] [oshi.util.FileUtil/]: Reading file /sys/devices/system/cpu/cpu6/cache/index1/level
[21Apr2026 17:57:17.831] [main/DEBUG] [oshi.util.FileUtil/]: Reading file /sys/devices/system/cpu/cpu6/cache/index1/level
[21Apr2026 17:57:17.831] [main/DEBUG] [oshi.util.FileUtil/]: Reading file /sys/devices/system/cpu/cpu6/cache/index1/type
[21Apr2026 17:57:17.831] [main/DEBUG] [oshi.util.FileUtil/]: Reading file /sys/devices/system/cpu/cpu6/cache/index1/type
[21Apr2026 17:57:17.831] [main/DEBUG] [oshi.util.FileUtil/]: Reading file /sys/devices/system/cpu/cpu6/cache/index1/ways_of_associativity
[21Apr2026 17:57:17.831] [main/DEBUG] [oshi.util.FileUtil/]: Reading file /sys/devices/system/cpu/cpu6/cache/index1/ways_of_associativity
[21Apr2026 17:57:17.831] [main/DEBUG] [oshi.util.FileUtil/]: Reading file /sys/devices/system/cpu/cpu6/cache/index1/coherency_line_size
[21Apr2026 17:57:17.831] [main/DEBUG] [oshi.util.FileUtil/]: Reading file /sys/devices/system/cpu/cpu6/cache/index1/coherency_line_size
[21Apr2026 17:57:17.831] [main/DEBUG] [oshi.util.FileUtil/]: Reading file /sys/devices/system/cpu/cpu6/cache/index1/size
[21Apr2026 17:57:17.831] [main/DEBUG] [oshi.util.FileUtil/]: Reading file /sys/devices/system/cpu/cpu6/cache/index1/size
[21Apr2026 17:57:17.831] [main/DEBUG] [oshi.util.FileUtil/]: Reading file /sys/devices/system/cpu/cpu6/cache/index2/level
[21Apr2026 17:57:17.831] [main/DEBUG] [oshi.util.FileUtil/]: Reading file /sys/devices/system/cpu/cpu6/cache/index2/level
[21Apr2026 17:57:17.831] [main/DEBUG] [oshi.util.FileUtil/]: Reading file /sys/devices/system/cpu/cpu6/cache/index2/type
[21Apr2026 17:57:17.832] [main/DEBUG] [oshi.util.FileUtil/]: Reading file /sys/devices/system/cpu/cpu6/cache/index2/type
[21Apr2026 17:57:17.832] [main/DEBUG] [oshi.util.FileUtil/]: Reading file /sys/devices/system/cpu/cpu6/cache/index2/ways_of_associativity
[21Apr2026 17:57:17.832] [main/DEBUG] [oshi.util.FileUtil/]: Reading file /sys/devices/system/cpu/cpu6/cache/index2/ways_of_associativity
[21Apr2026 17:57:17.832] [main/DEBUG] [oshi.util.FileUtil/]: Reading file /sys/devices/system/cpu/cpu6/cache/index2/coherency_line_size
[21Apr2026 17:57:17.832] [main/DEBUG] [oshi.util.FileUtil/]: Reading file /sys/devices/system/cpu/cpu6/cache/index2/coherency_line_size
[21Apr2026 17:57:17.832] [main/DEBUG] [oshi.util.FileUtil/]: Reading file /sys/devices/system/cpu/cpu6/cache/index2/size
[21Apr2026 17:57:17.832] [main/DEBUG] [oshi.util.FileUtil/]: Reading file /sys/devices/system/cpu/cpu6/cache/index2/size
[21Apr2026 17:57:17.832] [main/DEBUG] [oshi.util.FileUtil/]: Reading file /sys/devices/system/cpu/cpu6/cache/index3/level
[21Apr2026 17:57:17.832] [main/DEBUG] [oshi.util.FileUtil/]: Reading file /sys/devices/system/cpu/cpu6/cache/index3/level
[21Apr2026 17:57:17.832] [main/DEBUG] [oshi.util.FileUtil/]: Reading file /sys/devices/system/cpu/cpu6/cache/index3/type
[21Apr2026 17:57:17.832] [main/DEBUG] [oshi.util.FileUtil/]: Reading file /sys/devices/system/cpu/cpu6/cache/index3/type
[21Apr2026 17:57:17.832] [main/DEBUG] [oshi.util.FileUtil/]: Reading file /sys/devices/system/cpu/cpu6/cache/index3/ways_of_associativity
[21Apr2026 17:57:17.832] [main/DEBUG] [oshi.util.FileUtil/]: Reading file /sys/devices/system/cpu/cpu6/cache/index3/ways_of_associativity
[21Apr2026 17:57:17.832] [main/DEBUG] [oshi.util.FileUtil/]: Reading file /sys/devices/system/cpu/cpu6/cache/index3/coherency_line_size
[21Apr2026 17:57:17.832] [main/DEBUG] [oshi.util.FileUtil/]: Reading file /sys/devices/system/cpu/cpu6/cache/index3/coherency_line_size
[21Apr2026 17:57:17.832] [main/DEBUG] [oshi.util.FileUtil/]: Reading file /sys/devices/system/cpu/cpu6/cache/index3/size
[21Apr2026 17:57:17.832] [main/DEBUG] [oshi.util.FileUtil/]: Reading file /sys/devices/system/cpu/cpu6/cache/index3/size
[21Apr2026 17:57:17.832] [main/DEBUG] [oshi.util.FileUtil/]: Reading file /sys/devices/system/cpu/cpu7/topology/core_id
[21Apr2026 17:57:17.832] [main/DEBUG] [oshi.util.FileUtil/]: Reading file /sys/devices/system/cpu/cpu7/topology/core_id
[21Apr2026 17:57:17.833] [main/DEBUG] [oshi.util.FileUtil/]: Reading file /sys/devices/system/cpu/cpu7/topology/physical_package_id
[21Apr2026 17:57:17.833] [main/DEBUG] [oshi.util.FileUtil/]: Reading file /sys/devices/system/cpu/cpu7/topology/physical_package_id
[21Apr2026 17:57:17.833] [main/DEBUG] [oshi.util.FileUtil/]: Reading file /sys/devices/system/cpu/cpu7/cpu_capacity
[21Apr2026 17:57:17.833] [main/DEBUG] [oshi.util.FileUtil/]: Reading file /sys/devices/system/cpu/cpu7/cache/index0/level
[21Apr2026 17:57:17.833] [main/DEBUG] [oshi.util.FileUtil/]: Reading file /sys/devices/system/cpu/cpu7/cache/index0/level
[21Apr2026 17:57:17.833] [main/DEBUG] [oshi.util.FileUtil/]: Reading file /sys/devices/system/cpu/cpu7/cache/index0/type
[21Apr2026 17:57:17.833] [main/DEBUG] [oshi.util.FileUtil/]: Reading file /sys/devices/system/cpu/cpu7/cache/index0/type
[21Apr2026 17:57:17.833] [main/DEBUG] [oshi.util.FileUtil/]: Reading file /sys/devices/system/cpu/cpu7/cache/index0/ways_of_associativity
[21Apr2026 17:57:17.833] [main/DEBUG] [oshi.util.FileUtil/]: Reading file /sys/devices/system/cpu/cpu7/cache/index0/ways_of_associativity
[21Apr2026 17:57:17.833] [main/DEBUG] [oshi.util.FileUtil/]: Reading file /sys/devices/system/cpu/cpu7/cache/index0/coherency_line_size
[21Apr2026 17:57:17.833] [main/DEBUG] [oshi.util.FileUtil/]: Reading file /sys/devices/system/cpu/cpu7/cache/index0/coherency_line_size
[21Apr2026 17:57:17.833] [main/DEBUG] [oshi.util.FileUtil/]: Reading file /sys/devices/system/cpu/cpu7/cache/index0/size
[21Apr2026 17:57:17.833] [main/DEBUG] [oshi.util.FileUtil/]: Reading file /sys/devices/system/cpu/cpu7/cache/index0/size
[21Apr2026 17:57:17.833] [main/DEBUG] [oshi.util.FileUtil/]: Reading file /sys/devices/system/cpu/cpu7/cache/index1/level
[21Apr2026 17:57:17.833] [main/DEBUG] [oshi.util.FileUtil/]: Reading file /sys/devices/system/cpu/cpu7/cache/index1/level
[21Apr2026 17:57:17.833] [main/DEBUG] [oshi.util.FileUtil/]: Reading file /sys/devices/system/cpu/cpu7/cache/index1/type
[21Apr2026 17:57:17.833] [main/DEBUG] [oshi.util.FileUtil/]: Reading file /sys/devices/system/cpu/cpu7/cache/index1/type
[21Apr2026 17:57:17.833] [main/DEBUG] [oshi.util.FileUtil/]: Reading file /sys/devices/system/cpu/cpu7/cache/index1/ways_of_associativity
[21Apr2026 17:57:17.833] [main/DEBUG] [oshi.util.FileUtil/]: Reading file /sys/devices/system/cpu/cpu7/cache/index1/ways_of_associativity
[21Apr2026 17:57:17.833] [main/DEBUG] [oshi.util.FileUtil/]: Reading file /sys/devices/system/cpu/cpu7/cache/index1/coherency_line_size
[21Apr2026 17:57:17.833] [main/DEBUG] [oshi.util.FileUtil/]: Reading file /sys/devices/system/cpu/cpu7/cache/index1/coherency_line_size
[21Apr2026 17:57:17.833] [main/DEBUG] [oshi.util.FileUtil/]: Reading file /sys/devices/system/cpu/cpu7/cache/index1/size
[21Apr2026 17:57:17.834] [main/DEBUG] [oshi.util.FileUtil/]: Reading file /sys/devices/system/cpu/cpu7/cache/index1/size
[21Apr2026 17:57:17.834] [main/DEBUG] [oshi.util.FileUtil/]: Reading file /sys/devices/system/cpu/cpu7/cache/index2/level
[21Apr2026 17:57:17.834] [main/DEBUG] [oshi.util.FileUtil/]: Reading file /sys/devices/system/cpu/cpu7/cache/index2/level
[21Apr2026 17:57:17.834] [main/DEBUG] [oshi.util.FileUtil/]: Reading file /sys/devices/system/cpu/cpu7/cache/index2/type
[21Apr2026 17:57:17.834] [main/DEBUG] [oshi.util.FileUtil/]: Reading file /sys/devices/system/cpu/cpu7/cache/index2/type
[21Apr2026 17:57:17.834] [main/DEBUG] [oshi.util.FileUtil/]: Reading file /sys/devices/system/cpu/cpu7/cache/index2/ways_of_associativity
[21Apr2026 17:57:17.834] [main/DEBUG] [oshi.util.FileUtil/]: Reading file /sys/devices/system/cpu/cpu7/cache/index2/ways_of_associativity
[21Apr2026 17:57:17.834] [main/DEBUG] [oshi.util.FileUtil/]: Reading file /sys/devices/system/cpu/cpu7/cache/index2/coherency_line_size
[21Apr2026 17:57:17.834] [main/DEBUG] [oshi.util.FileUtil/]: Reading file /sys/devices/system/cpu/cpu7/cache/index2/coherency_line_size
[21Apr2026 17:57:17.834] [main/DEBUG] [oshi.util.FileUtil/]: Reading file /sys/devices/system/cpu/cpu7/cache/index2/size
[21Apr2026 17:57:17.834] [main/DEBUG] [oshi.util.FileUtil/]: Reading file /sys/devices/system/cpu/cpu7/cache/index2/size
[21Apr2026 17:57:17.834] [main/DEBUG] [oshi.util.FileUtil/]: Reading file /sys/devices/system/cpu/cpu7/cache/index3/level
[21Apr2026 17:57:17.834] [main/DEBUG] [oshi.util.FileUtil/]: Reading file /sys/devices/system/cpu/cpu7/cache/index3/level
[21Apr2026 17:57:17.834] [main/DEBUG] [oshi.util.FileUtil/]: Reading file /sys/devices/system/cpu/cpu7/cache/index3/type
[21Apr2026 17:57:17.834] [main/DEBUG] [oshi.util.FileUtil/]: Reading file /sys/devices/system/cpu/cpu7/cache/index3/type
[21Apr2026 17:57:17.834] [main/DEBUG] [oshi.util.FileUtil/]: Reading file /sys/devices/system/cpu/cpu7/cache/index3/ways_of_associativity
[21Apr2026 17:57:17.834] [main/DEBUG] [oshi.util.FileUtil/]: Reading file /sys/devices/system/cpu/cpu7/cache/index3/ways_of_associativity
[21Apr2026 17:57:17.834] [main/DEBUG] [oshi.util.FileUtil/]: Reading file /sys/devices/system/cpu/cpu7/cache/index3/coherency_line_size
[21Apr2026 17:57:17.834] [main/DEBUG] [oshi.util.FileUtil/]: Reading file /sys/devices/system/cpu/cpu7/cache/index3/coherency_line_size
[21Apr2026 17:57:17.834] [main/DEBUG] [oshi.util.FileUtil/]: Reading file /sys/devices/system/cpu/cpu7/cache/index3/size
[21Apr2026 17:57:17.834] [main/DEBUG] [oshi.util.FileUtil/]: Reading file /sys/devices/system/cpu/cpu7/cache/index3/size
[21Apr2026 17:57:17.835] [main/DEBUG] [oshi.util.FileUtil/]: Reading file /sys/devices/system/cpu/cpu8/topology/core_id
[21Apr2026 17:57:17.835] [main/DEBUG] [oshi.util.FileUtil/]: Reading file /sys/devices/system/cpu/cpu8/topology/core_id
[21Apr2026 17:57:17.835] [main/DEBUG] [oshi.util.FileUtil/]: Reading file /sys/devices/system/cpu/cpu8/topology/physical_package_id
[21Apr2026 17:57:17.835] [main/DEBUG] [oshi.util.FileUtil/]: Reading file /sys/devices/system/cpu/cpu8/topology/physical_package_id
[21Apr2026 17:57:17.835] [main/DEBUG] [oshi.util.FileUtil/]: Reading file /sys/devices/system/cpu/cpu8/cpu_capacity
[21Apr2026 17:57:17.835] [main/DEBUG] [oshi.util.FileUtil/]: Reading file /sys/devices/system/cpu/cpu8/cache/index0/level
[21Apr2026 17:57:17.835] [main/DEBUG] [oshi.util.FileUtil/]: Reading file /sys/devices/system/cpu/cpu8/cache/index0/level
[21Apr2026 17:57:17.835] [main/DEBUG] [oshi.util.FileUtil/]: Reading file /sys/devices/system/cpu/cpu8/cache/index0/type
[21Apr2026 17:57:17.835] [main/DEBUG] [oshi.util.FileUtil/]: Reading file /sys/devices/system/cpu/cpu8/cache/index0/type
[21Apr2026 17:57:17.835] [main/DEBUG] [oshi.util.FileUtil/]: Reading file /sys/devices/system/cpu/cpu8/cache/index0/ways_of_associativity
[21Apr2026 17:57:17.835] [main/DEBUG] [oshi.util.FileUtil/]: Reading file /sys/devices/system/cpu/cpu8/cache/index0/ways_of_associativity
[21Apr2026 17:57:17.835] [main/DEBUG] [oshi.util.FileUtil/]: Reading file /sys/devices/system/cpu/cpu8/cache/index0/coherency_line_size
[21Apr2026 17:57:17.835] [main/DEBUG] [oshi.util.FileUtil/]: Reading file /sys/devices/system/cpu/cpu8/cache/index0/coherency_line_size
[21Apr2026 17:57:17.835] [main/DEBUG] [oshi.util.FileUtil/]: Reading file /sys/devices/system/cpu/cpu8/cache/index0/size
[21Apr2026 17:57:17.835] [main/DEBUG] [oshi.util.FileUtil/]: Reading file /sys/devices/system/cpu/cpu8/cache/index0/size
[21Apr2026 17:57:17.835] [main/DEBUG] [oshi.util.FileUtil/]: Reading file /sys/devices/system/cpu/cpu8/cache/index1/level
[21Apr2026 17:57:17.835] [main/DEBUG] [oshi.util.FileUtil/]: Reading file /sys/devices/system/cpu/cpu8/cache/index1/level
[21Apr2026 17:57:17.835] [main/DEBUG] [oshi.util.FileUtil/]: Reading file /sys/devices/system/cpu/cpu8/cache/index1/type
[21Apr2026 17:57:17.835] [main/DEBUG] [oshi.util.FileUtil/]: Reading file /sys/devices/system/cpu/cpu8/cache/index1/type
[21Apr2026 17:57:17.835] [main/DEBUG] [oshi.util.FileUtil/]: Reading file /sys/devices/system/cpu/cpu8/cache/index1/ways_of_associativity
[21Apr2026 17:57:17.835] [main/DEBUG] [oshi.util.FileUtil/]: Reading file /sys/devices/system/cpu/cpu8/cache/index1/ways_of_associativity
[21Apr2026 17:57:17.835] [main/DEBUG] [oshi.util.FileUtil/]: Reading file /sys/devices/system/cpu/cpu8/cache/index1/coherency_line_size
[21Apr2026 17:57:17.836] [main/DEBUG] [oshi.util.FileUtil/]: Reading file /sys/devices/system/cpu/cpu8/cache/index1/coherency_line_size
[21Apr2026 17:57:17.836] [main/DEBUG] [oshi.util.FileUtil/]: Reading file /sys/devices/system/cpu/cpu8/cache/index1/size
[21Apr2026 17:57:17.836] [main/DEBUG] [oshi.util.FileUtil/]: Reading file /sys/devices/system/cpu/cpu8/cache/index1/size
[21Apr2026 17:57:17.836] [main/DEBUG] [oshi.util.FileUtil/]: Reading file /sys/devices/system/cpu/cpu8/cache/index2/level
[21Apr2026 17:57:17.836] [main/DEBUG] [oshi.util.FileUtil/]: Reading file /sys/devices/system/cpu/cpu8/cache/index2/level
[21Apr2026 17:57:17.836] [main/DEBUG] [oshi.util.FileUtil/]: Reading file /sys/devices/system/cpu/cpu8/cache/index2/type
[21Apr2026 17:57:17.836] [main/DEBUG] [oshi.util.FileUtil/]: Reading file /sys/devices/system/cpu/cpu8/cache/index2/type
[21Apr2026 17:57:17.836] [main/DEBUG] [oshi.util.FileUtil/]: Reading file /sys/devices/system/cpu/cpu8/cache/index2/ways_of_associativity
[21Apr2026 17:57:17.836] [main/DEBUG] [oshi.util.FileUtil/]: Reading file /sys/devices/system/cpu/cpu8/cache/index2/ways_of_associativity
[21Apr2026 17:57:17.836] [main/DEBUG] [oshi.util.FileUtil/]: Reading file /sys/devices/system/cpu/cpu8/cache/index2/coherency_line_size
[21Apr2026 17:57:17.836] [main/DEBUG] [oshi.util.FileUtil/]: Reading file /sys/devices/system/cpu/cpu8/cache/index2/coherency_line_size
[21Apr2026 17:57:17.836] [main/DEBUG] [oshi.util.FileUtil/]: Reading file /sys/devices/system/cpu/cpu8/cache/index2/size
[21Apr2026 17:57:17.836] [main/DEBUG] [oshi.util.FileUtil/]: Reading file /sys/devices/system/cpu/cpu8/cache/index2/size
[21Apr2026 17:57:17.836] [main/DEBUG] [oshi.util.FileUtil/]: Reading file /sys/devices/system/cpu/cpu8/cache/index3/level
[21Apr2026 17:57:17.836] [main/DEBUG] [oshi.util.FileUtil/]: Reading file /sys/devices/system/cpu/cpu8/cache/index3/level
[21Apr2026 17:57:17.836] [main/DEBUG] [oshi.util.FileUtil/]: Reading file /sys/devices/system/cpu/cpu8/cache/index3/type
[21Apr2026 17:57:17.836] [main/DEBUG] [oshi.util.FileUtil/]: Reading file /sys/devices/system/cpu/cpu8/cache/index3/type
[21Apr2026 17:57:17.836] [main/DEBUG] [oshi.util.FileUtil/]: Reading file /sys/devices/system/cpu/cpu8/cache/index3/ways_of_associativity
[21Apr2026 17:57:17.836] [main/DEBUG] [oshi.util.FileUtil/]: Reading file /sys/devices/system/cpu/cpu8/cache/index3/ways_of_associativity
[21Apr2026 17:57:17.836] [main/DEBUG] [oshi.util.FileUtil/]: Reading file /sys/devices/system/cpu/cpu8/cache/index3/coherency_line_size
[21Apr2026 17:57:17.836] [main/DEBUG] [oshi.util.FileUtil/]: Reading file /sys/devices/system/cpu/cpu8/cache/index3/coherency_line_size
[21Apr2026 17:57:17.836] [main/DEBUG] [oshi.util.FileUtil/]: Reading file /sys/devices/system/cpu/cpu8/cache/index3/size
[21Apr2026 17:57:17.836] [main/DEBUG] [oshi.util.FileUtil/]: Reading file /sys/devices/system/cpu/cpu8/cache/index3/size
[21Apr2026 17:57:17.837] [main/DEBUG] [oshi.util.FileUtil/]: Reading file /sys/devices/system/cpu/cpu9/topology/core_id
[21Apr2026 17:57:17.837] [main/DEBUG] [oshi.util.FileUtil/]: Reading file /sys/devices/system/cpu/cpu9/topology/core_id
[21Apr2026 17:57:17.837] [main/DEBUG] [oshi.util.FileUtil/]: Reading file /sys/devices/system/cpu/cpu9/topology/physical_package_id
[21Apr2026 17:57:17.837] [main/DEBUG] [oshi.util.FileUtil/]: Reading file /sys/devices/system/cpu/cpu9/topology/physical_package_id
[21Apr2026 17:57:17.837] [main/DEBUG] [oshi.util.FileUtil/]: Reading file /sys/devices/system/cpu/cpu9/cpu_capacity
[21Apr2026 17:57:17.837] [main/DEBUG] [oshi.util.FileUtil/]: Reading file /sys/devices/system/cpu/cpu9/cache/index0/level
[21Apr2026 17:57:17.837] [main/DEBUG] [oshi.util.FileUtil/]: Reading file /sys/devices/system/cpu/cpu9/cache/index0/level
[21Apr2026 17:57:17.837] [main/DEBUG] [oshi.util.FileUtil/]: Reading file /sys/devices/system/cpu/cpu9/cache/index0/type
[21Apr2026 17:57:17.837] [main/DEBUG] [oshi.util.FileUtil/]: Reading file /sys/devices/system/cpu/cpu9/cache/index0/type
[21Apr2026 17:57:17.837] [main/DEBUG] [oshi.util.FileUtil/]: Reading file /sys/devices/system/cpu/cpu9/cache/index0/ways_of_associativity
[21Apr2026 17:57:17.837] [main/DEBUG] [oshi.util.FileUtil/]: Reading file /sys/devices/system/cpu/cpu9/cache/index0/ways_of_associativity
[21Apr2026 17:57:17.837] [main/DEBUG] [oshi.util.FileUtil/]: Reading file /sys/devices/system/cpu/cpu9/cache/index0/coherency_line_size
[21Apr2026 17:57:17.837] [main/DEBUG] [oshi.util.FileUtil/]: Reading file /sys/devices/system/cpu/cpu9/cache/index0/coherency_line_size
[21Apr2026 17:57:17.837] [main/DEBUG] [oshi.util.FileUtil/]: Reading file /sys/devices/system/cpu/cpu9/cache/index0/size
[21Apr2026 17:57:17.837] [main/DEBUG] [oshi.util.FileUtil/]: Reading file /sys/devices/system/cpu/cpu9/cache/index0/size
[21Apr2026 17:57:17.837] [main/DEBUG] [oshi.util.FileUtil/]: Reading file /sys/devices/system/cpu/cpu9/cache/index1/level
[21Apr2026 17:57:17.837] [main/DEBUG] [oshi.util.FileUtil/]: Reading file /sys/devices/system/cpu/cpu9/cache/index1/level
[21Apr2026 17:57:17.837] [main/DEBUG] [oshi.util.FileUtil/]: Reading file /sys/devices/system/cpu/cpu9/cache/index1/type
[21Apr2026 17:57:17.837] [main/DEBUG] [oshi.util.FileUtil/]: Reading file /sys/devices/system/cpu/cpu9/cache/index1/type
[21Apr2026 17:57:17.837] [main/DEBUG] [oshi.util.FileUtil/]: Reading file /sys/devices/system/cpu/cpu9/cache/index1/ways_of_associativity
[21Apr2026 17:57:17.837] [main/DEBUG] [oshi.util.FileUtil/]: Reading file /sys/devices/system/cpu/cpu9/cache/index1/ways_of_associativity
[21Apr2026 17:57:17.837] [main/DEBUG] [oshi.util.FileUtil/]: Reading file /sys/devices/system/cpu/cpu9/cache/index1/coherency_line_size
[21Apr2026 17:57:17.837] [main/DEBUG] [oshi.util.FileUtil/]: Reading file /sys/devices/system/cpu/cpu9/cache/index1/coherency_line_size
[21Apr2026 17:57:17.837] [main/DEBUG] [oshi.util.FileUtil/]: Reading file /sys/devices/system/cpu/cpu9/cache/index1/size
[21Apr2026 17:57:17.838] [main/DEBUG] [oshi.util.FileUtil/]: Reading file /sys/devices/system/cpu/cpu9/cache/index1/size
[21Apr2026 17:57:17.838] [main/DEBUG] [oshi.util.FileUtil/]: Reading file /sys/devices/system/cpu/cpu9/cache/index2/level
[21Apr2026 17:57:17.838] [main/DEBUG] [oshi.util.FileUtil/]: Reading file /sys/devices/system/cpu/cpu9/cache/index2/level
[21Apr2026 17:57:17.838] [main/DEBUG] [oshi.util.FileUtil/]: Reading file /sys/devices/system/cpu/cpu9/cache/index2/type
[21Apr2026 17:57:17.838] [main/DEBUG] [oshi.util.FileUtil/]: Reading file /sys/devices/system/cpu/cpu9/cache/index2/type
[21Apr2026 17:57:17.838] [main/DEBUG] [oshi.util.FileUtil/]: Reading file /sys/devices/system/cpu/cpu9/cache/index2/ways_of_associativity
[21Apr2026 17:57:17.838] [main/DEBUG] [oshi.util.FileUtil/]: Reading file /sys/devices/system/cpu/cpu9/cache/index2/ways_of_associativity
[21Apr2026 17:57:17.838] [main/DEBUG] [oshi.util.FileUtil/]: Reading file /sys/devices/system/cpu/cpu9/cache/index2/coherency_line_size
[21Apr2026 17:57:17.838] [main/DEBUG] [oshi.util.FileUtil/]: Reading file /sys/devices/system/cpu/cpu9/cache/index2/coherency_line_size
[21Apr2026 17:57:17.838] [main/DEBUG] [oshi.util.FileUtil/]: Reading file /sys/devices/system/cpu/cpu9/cache/index2/size
[21Apr2026 17:57:17.838] [main/DEBUG] [oshi.util.FileUtil/]: Reading file /sys/devices/system/cpu/cpu9/cache/index2/size
[21Apr2026 17:57:17.838] [main/DEBUG] [oshi.util.FileUtil/]: Reading file /sys/devices/system/cpu/cpu9/cache/index3/level
[21Apr2026 17:57:17.838] [main/DEBUG] [oshi.util.FileUtil/]: Reading file /sys/devices/system/cpu/cpu9/cache/index3/level
[21Apr2026 17:57:17.838] [main/DEBUG] [oshi.util.FileUtil/]: Reading file /sys/devices/system/cpu/cpu9/cache/index3/type
[21Apr2026 17:57:17.838] [main/DEBUG] [oshi.util.FileUtil/]: Reading file /sys/devices/system/cpu/cpu9/cache/index3/type
[21Apr2026 17:57:17.838] [main/DEBUG] [oshi.util.FileUtil/]: Reading file /sys/devices/system/cpu/cpu9/cache/index3/ways_of_associativity
[21Apr2026 17:57:17.838] [main/DEBUG] [oshi.util.FileUtil/]: Reading file /sys/devices/system/cpu/cpu9/cache/index3/ways_of_associativity
[21Apr2026 17:57:17.838] [main/DEBUG] [oshi.util.FileUtil/]: Reading file /sys/devices/system/cpu/cpu9/cache/index3/coherency_line_size
[21Apr2026 17:57:17.838] [main/DEBUG] [oshi.util.FileUtil/]: Reading file /sys/devices/system/cpu/cpu9/cache/index3/coherency_line_size
[21Apr2026 17:57:17.838] [main/DEBUG] [oshi.util.FileUtil/]: Reading file /sys/devices/system/cpu/cpu9/cache/index3/size
[21Apr2026 17:57:17.838] [main/DEBUG] [oshi.util.FileUtil/]: Reading file /sys/devices/system/cpu/cpu9/cache/index3/size
[21Apr2026 17:57:17.840] [main/DEBUG] [oshi.util.FileUtil/]: Reading file /proc/cpuinfo
[21Apr2026 17:57:17.841] [main/DEBUG] [oshi.util.FileUtil/]: Reading file /proc/cpuinfo
[21Apr2026 17:57:17.844] [main/DEBUG] [oshi.util.FileUtil/]: Reading file /proc/self/auxv
[21Apr2026 17:57:17.851] [main/DEBUG] [oshi.util.FileUtil/]: Reading file /proc/meminfo
[21Apr2026 17:57:17.851] [main/DEBUG] [oshi.util.FileUtil/]: Reading file /proc/meminfo
[21Apr2026 17:57:17.885] [main/INFO] [MixinExtras|Service/]: Initializing MixinExtras via com.llamalad7.mixinextras.service.MixinExtrasServiceImpl(version=0.5.0).
[21Apr2026 17:57:17.886] [main/DEBUG] [mixin/]: Registering new injector for @SugarWrapper with com.llamalad7.mixinextras.sugar.impl.SugarWrapperInjectionInfo
[21Apr2026 17:57:17.886] [main/DEBUG] [mixin/]: Registering new injector for @FactoryRedirectWrapper with com.llamalad7.mixinextras.wrapper.factory.FactoryRedirectWrapperInjectionInfo
[21Apr2026 17:57:17.887] [main/DEBUG] [mixin/]: Registering new injector for @ExpressionInjectorWrapper with com.llamalad7.mixinextras.expression.impl.wrapper.ExpressionInjectorWrapperInjectionInfo
[21Apr2026 17:57:17.893] [main/DEBUG] [mixin/]: Mixing MappedRegistryAccessor from neoforge.mixins.json into net.minecraft.core.MappedRegistry
[21Apr2026 17:57:18.660] [main/DEBUG] [mixin/]: Mixing BlockEntityTypeAccessor from neoforge.mixins.json into net.minecraft.world.level.block.entity.BlockEntityType
[21Apr2026 17:57:20.032] [main/DEBUG] [io.netty.util.internal.PlatformDependent0/]: -Dio.netty.noUnsafe: false
[21Apr2026 17:57:20.032] [main/DEBUG] [io.netty.util.internal.PlatformDependent0/]: Java version: 21
[21Apr2026 17:57:20.032] [main/DEBUG] [io.netty.util.internal.PlatformDependent0/]: sun.misc.Unsafe.theUnsafe: available
[21Apr2026 17:57:20.033] [main/DEBUG] [io.netty.util.internal.PlatformDependent0/]: sun.misc.Unsafe base methods: all available
[21Apr2026 17:57:20.033] [main/DEBUG] [io.netty.util.internal.PlatformDependent0/]: sun.misc.Unsafe.storeFence: available
[21Apr2026 17:57:20.033] [main/DEBUG] [io.netty.util.internal.PlatformDependent0/]: java.nio.Buffer.address: available
[21Apr2026 17:57:20.033] [main/DEBUG] [io.netty.util.internal.PlatformDependent0/]: java.nio.Bits.unaligned: available, true
[21Apr2026 17:57:20.034] [main/DEBUG] [io.netty.util.internal.PlatformDependent0/]: java.nio.DirectByteBuffer.<init>(long, {int,long}): unavailable
[21Apr2026 17:57:20.034] [main/DEBUG] [io.netty.util.internal.PlatformDependent/]: sun.misc.Unsafe: available
[21Apr2026 17:57:20.034] [main/DEBUG] [io.netty.util.internal.PlatformDependent/]: -Dio.netty.tmpdir: /tmp (java.io.tmpdir)
[21Apr2026 17:57:20.034] [main/DEBUG] [io.netty.util.internal.PlatformDependent/]: -Dio.netty.bitMode: 64 (sun.arch.data.model)
[21Apr2026 17:57:20.034] [main/DEBUG] [io.netty.util.internal.PlatformDependent/]: -Dio.netty.maxDirectMemory: -1 bytes
[21Apr2026 17:57:20.034] [main/DEBUG] [io.netty.util.internal.PlatformDependent/]: -Dio.netty.uninitializedArrayAllocationThreshold: -1
[21Apr2026 17:57:20.035] [main/DEBUG] [io.netty.util.internal.CleanerJava9/]: java.nio.ByteBuffer.cleaner(): available
[21Apr2026 17:57:20.035] [main/DEBUG] [io.netty.util.internal.PlatformDependent/]: -Dio.netty.noPreferDirect: false
[21Apr2026 17:57:20.621] [main/DEBUG] [mixin/]: Mixing MixinLevelChunkSetBlockHook from worldedit-neoforge.mixins.json into net.minecraft.world.level.chunk.LevelChunk
[21Apr2026 17:57:20.621] [main/DEBUG] [mixin/]: worldedit-neoforge.mixins.json:MixinLevelChunkSetBlockHook from mod worldedit: Class version 65 required is higher than the class version supported by the current version of Mixin (JAVA_17 supports class version 61)
[21Apr2026 17:57:22.084] [main/DEBUG] [net.neoforged.fml.ModWorkManager/LOADING]: Using 3 threads for parallel mod-loading
[21Apr2026 17:57:22.089] [main/DEBUG] [net.neoforged.fml.javafmlmod.FMLModContainer/LOADING]: Creating FMLModContainer instance for worldeditcui_protocol with entrypoints [org.enginehub.worldeditcui.neoforge.protocol.NeoForgeProtocolMod]
[21Apr2026 17:57:22.092] [main/DEBUG] [net.neoforged.fml.javafmlmod.FMLModContainer/LOADING]: Creating FMLModContainer instance for cosmicdungeon with entrypoints [net.goui.cosmicdungeon.CosmicDungeonMod]
[21Apr2026 17:57:22.093] [main/DEBUG] [net.neoforged.fml.javafmlmod.FMLModContainer/LOADING]: Creating FMLModContainer instance for mousetweaks with entrypoints [yalter.mousetweaks.neoforge.MouseTweaksNeo]
[21Apr2026 17:57:22.093] [main/DEBUG] [net.neoforged.fml.javafmlmod.FMLModContainer/LOADING]: Creating FMLModContainer instance for worldedit with entrypoints [com.sk89q.worldedit.neoforge.NeoForgeWorldEdit]
[21Apr2026 17:57:22.094] [main/DEBUG] [net.neoforged.fml.javafmlmod.FMLModContainer/LOADING]: Creating FMLModContainer instance for neoforge with entrypoints [net.neoforged.neoforge.common.NeoForgeMod, net.neoforged.neoforge.common.OnlyInWarningsHandler]
[21Apr2026 17:57:22.098] [modloading-worker-0/DEBUG] [net.neoforged.fml.javafmlmod.AutomaticEventSubscriber/LOADING]: Attempting to inject @EventBusSubscriber classes into the eventbus for mousetweaks
[21Apr2026 17:57:22.101] [modloading-worker-0/DEBUG] [net.neoforged.fml.javafmlmod.AutomaticEventSubscriber/LOADING]: Attempting to inject @EventBusSubscriber classes into the eventbus for worldeditcui_protocol
[21Apr2026 17:57:22.111] [modloading-worker-0/DEBUG] [net.neoforged.fml.javafmlmod.AutomaticEventSubscriber/LOADING]: Attempting to inject @EventBusSubscriber classes into the eventbus for worldedit
[21Apr2026 17:57:22.115] [modloading-worker-0/INFO] [net.neoforged.neoforge.common.NeoForgeMod/NEOFORGE-MOD]: NeoForge mod loading, version 21.10.64, for MC 1.21.10
[21Apr2026 17:57:22.127] [modloading-worker-0/DEBUG] [net.neoforged.fml.config.ConfigTracker/CONFIG]: Config file neoforge-server.toml for neoforge tracking
[21Apr2026 17:57:22.128] [modloading-worker-0/DEBUG] [net.neoforged.fml.config.ConfigTracker/CONFIG]: Config file neoforge-common.toml for neoforge tracking
[21Apr2026 17:57:22.129] [modloading-worker-0/DEBUG] [net.neoforged.fml.config.ConfigTracker/CONFIG]: Config file cosmicdungeon-common.toml for cosmicdungeon tracking
[21Apr2026 17:57:22.129] [modloading-worker-0/DEBUG] [net.neoforged.fml.javafmlmod.AutomaticEventSubscriber/LOADING]: Attempting to inject @EventBusSubscriber classes into the eventbus for cosmicdungeon
[21Apr2026 17:57:22.129] [modloading-worker-0/DEBUG] [net.neoforged.fml.javafmlmod.AutomaticEventSubscriber/LOADING]: Scanning class net.goui.cosmicdungeon.advancement.BloomSharedAdvancements for @SubscribeEvent-annotated methods
[21Apr2026 17:57:22.131] [modloading-worker-0/DEBUG] [net.neoforged.fml.javafmlmod.AutomaticEventSubscriber/LOADING]: Subscribing method public static void net.goui.cosmicdungeon.advancement.BloomSharedAdvancements.onPlayerTick(net.neoforged.neoforge.event.tick.PlayerTickEvent$Post) to the game event bus
[21Apr2026 17:57:22.131] [modloading-worker-0/DEBUG] [net.neoforged.fml.javafmlmod.AutomaticEventSubscriber/LOADING]: Scanning class net.goui.cosmicdungeon.auth.RankEnforcementEvents for @SubscribeEvent-annotated methods
[21Apr2026 17:57:22.132] [modloading-worker-0/DEBUG] [net.neoforged.fml.javafmlmod.AutomaticEventSubscriber/LOADING]: Subscribing method public static void net.goui.cosmicdungeon.auth.RankEnforcementEvents.onLogin(net.neoforged.neoforge.event.entity.player.PlayerEvent$PlayerLoggedInEvent) to the game event bus
[21Apr2026 17:57:22.132] [modloading-worker-0/DEBUG] [net.neoforged.fml.javafmlmod.AutomaticEventSubscriber/LOADING]: Subscribing method public static void net.goui.cosmicdungeon.auth.RankEnforcementEvents.onServerStarting(net.neoforged.neoforge.event.server.ServerStartingEvent) to the game event bus
[21Apr2026 17:57:22.132] [modloading-worker-0/DEBUG] [net.neoforged.fml.javafmlmod.AutomaticEventSubscriber/LOADING]: Scanning class net.goui.cosmicdungeon.block.custom.ClassSelectorReadyTickEvents for @SubscribeEvent-annotated methods
[21Apr2026 17:57:22.132] [modloading-worker-0/DEBUG] [net.neoforged.fml.javafmlmod.AutomaticEventSubscriber/LOADING]: Subscribing method public static void net.goui.cosmicdungeon.block.custom.ClassSelectorReadyTickEvents.onServerTick(net.neoforged.neoforge.event.tick.ServerTickEvent$Post) to the game event bus
[21Apr2026 17:57:22.132] [modloading-worker-0/DEBUG] [net.neoforged.fml.javafmlmod.AutomaticEventSubscriber/LOADING]: Scanning class net.goui.cosmicdungeon.datagen.DataGenerators for @SubscribeEvent-annotated methods
[21Apr2026 17:57:22.134] [modloading-worker-0/DEBUG] [net.neoforged.fml.javafmlmod.AutomaticEventSubscriber/LOADING]: Subscribing method public static void net.goui.cosmicdungeon.datagen.DataGenerators.gatherClientData(net.neoforged.neoforge.data.event.GatherDataEvent$Client) to the event bus of mod cosmicdungeon
[21Apr2026 17:57:22.134] [modloading-worker-0/DEBUG] [net.neoforged.fml.javafmlmod.AutomaticEventSubscriber/LOADING]: Subscribing method public static void net.goui.cosmicdungeon.datagen.DataGenerators.gatherServerData(net.neoforged.neoforge.data.event.GatherDataEvent$Server) to the event bus of mod cosmicdungeon
[21Apr2026 17:57:22.134] [modloading-worker-0/DEBUG] [net.neoforged.fml.javafmlmod.AutomaticEventSubscriber/LOADING]: Scanning class net.goui.cosmicdungeon.door.DoorLockHandler for @SubscribeEvent-annotated methods
[21Apr2026 17:57:22.134] [modloading-worker-0/DEBUG] [net.neoforged.fml.javafmlmod.AutomaticEventSubscriber/LOADING]: Subscribing method public static void net.goui.cosmicdungeon.door.DoorLockHandler.onRightClickBlock(net.neoforged.neoforge.event.entity.player.PlayerInteractEvent$RightClickBlock) to the game event bus
[21Apr2026 17:57:22.135] [modloading-worker-0/DEBUG] [net.neoforged.fml.javafmlmod.AutomaticEventSubscriber/LOADING]: Scanning class net.goui.cosmicdungeon.door.DoorPassageTracker for @SubscribeEvent-annotated methods
[21Apr2026 17:57:22.135] [modloading-worker-0/DEBUG] [net.neoforged.fml.javafmlmod.AutomaticEventSubscriber/LOADING]: Subscribing method public static void net.goui.cosmicdungeon.door.DoorPassageTracker.onDoorBroken(net.neoforged.neoforge.event.level.BlockEvent$BreakEvent) to the game event bus
[21Apr2026 17:57:22.135] [modloading-worker-0/DEBUG] [net.neoforged.fml.javafmlmod.AutomaticEventSubscriber/LOADING]: Subscribing method public static void net.goui.cosmicdungeon.door.DoorPassageTracker.onServerTick(net.neoforged.neoforge.event.tick.ServerTickEvent$Post) to the game event bus
[21Apr2026 17:57:22.136] [modloading-worker-0/DEBUG] [net.neoforged.fml.javafmlmod.AutomaticEventSubscriber/LOADING]: Scanning class net.goui.cosmicdungeon.door.DoorRedstoneBlocker for @SubscribeEvent-annotated methods
[21Apr2026 17:57:22.136] [modloading-worker-0/DEBUG] [net.neoforged.fml.javafmlmod.AutomaticEventSubscriber/LOADING]: Subscribing method public static void net.goui.cosmicdungeon.door.DoorRedstoneBlocker.onNeighborNotify(net.neoforged.neoforge.event.level.BlockEvent$NeighborNotifyEvent) to the game event bus
[21Apr2026 17:57:22.136] [modloading-worker-0/DEBUG] [net.neoforged.fml.javafmlmod.AutomaticEventSubscriber/LOADING]: Scanning class net.goui.cosmicdungeon.dungeon.DungeonLifecycleEvents for @SubscribeEvent-annotated methods
[21Apr2026 17:57:22.137] [modloading-worker-0/DEBUG] [net.neoforged.fml.javafmlmod.AutomaticEventSubscriber/LOADING]: Subscribing method public static void net.goui.cosmicdungeon.dungeon.DungeonLifecycleEvents.onPlayerLoggedIn(net.neoforged.neoforge.event.entity.player.PlayerEvent$PlayerLoggedInEvent) to the game event bus
[21Apr2026 17:57:22.137] [modloading-worker-0/DEBUG] [net.neoforged.fml.javafmlmod.AutomaticEventSubscriber/LOADING]: Subscribing method public static void net.goui.cosmicdungeon.dungeon.DungeonLifecycleEvents.onPlayerLoggedOut(net.neoforged.neoforge.event.entity.player.PlayerEvent$PlayerLoggedOutEvent) to the game event bus
[21Apr2026 17:57:22.137] [modloading-worker-0/DEBUG] [net.neoforged.fml.javafmlmod.AutomaticEventSubscriber/LOADING]: Subscribing method public static void net.goui.cosmicdungeon.dungeon.DungeonLifecycleEvents.onPlayerChangedDimension(net.neoforged.neoforge.event.entity.player.PlayerEvent$PlayerChangedDimensionEvent) to the game event bus
[21Apr2026 17:57:22.137] [modloading-worker-0/DEBUG] [net.neoforged.fml.javafmlmod.AutomaticEventSubscriber/LOADING]: Subscribing method public static void net.goui.cosmicdungeon.dungeon.DungeonLifecycleEvents.onServerTick(net.neoforged.neoforge.event.tick.ServerTickEvent$Post) to the game event bus
[21Apr2026 17:57:22.137] [modloading-worker-0/DEBUG] [net.neoforged.fml.javafmlmod.AutomaticEventSubscriber/LOADING]: Scanning class net.goui.cosmicdungeon.playerclass.api.ClassCloneEvents for @SubscribeEvent-annotated methods
[21Apr2026 17:57:22.138] [modloading-worker-0/DEBUG] [net.neoforged.fml.javafmlmod.AutomaticEventSubscriber/LOADING]: Subscribing method public static void net.goui.cosmicdungeon.playerclass.api.ClassCloneEvents.onPlayerClone(net.neoforged.neoforge.event.entity.player.PlayerEvent$Clone) to the game event bus
[21Apr2026 17:57:22.148] [modloading-worker-0/DEBUG] [net.neoforged.fml.javafmlmod.AutomaticEventSubscriber/LOADING]: Scanning class net.goui.cosmicdungeon.playerclass.api.ClassItemRestrictionEvents for @SubscribeEvent-annotated methods
[21Apr2026 17:57:22.149] [modloading-worker-0/DEBUG] [net.neoforged.fml.javafmlmod.AutomaticEventSubscriber/LOADING]: Subscribing method public static void net.goui.cosmicdungeon.playerclass.api.ClassItemRestrictionEvents.onPlayerTick(net.neoforged.neoforge.event.tick.PlayerTickEvent$Post) to the game event bus
[21Apr2026 17:57:22.149] [modloading-worker-0/DEBUG] [net.neoforged.fml.javafmlmod.AutomaticEventSubscriber/LOADING]: Subscribing method public static void net.goui.cosmicdungeon.playerclass.api.ClassItemRestrictionEvents.onRightClickItem(net.neoforged.neoforge.event.entity.player.PlayerInteractEvent$RightClickItem) to the game event bus
[21Apr2026 17:57:22.150] [modloading-worker-0/DEBUG] [net.neoforged.fml.javafmlmod.AutomaticEventSubscriber/LOADING]: Scanning class net.goui.cosmicdungeon.playerclass.ore.SatchelIdleTicker for @SubscribeEvent-annotated methods
[21Apr2026 17:57:22.150] [modloading-worker-0/DEBUG] [net.neoforged.fml.javafmlmod.AutomaticEventSubscriber/LOADING]: Subscribing method public static void net.goui.cosmicdungeon.playerclass.ore.SatchelIdleTicker.onPlayerTick(net.neoforged.neoforge.event.tick.PlayerTickEvent$Post) to the game event bus
[21Apr2026 17:57:22.151] [modloading-worker-0/DEBUG] [net.neoforged.fml.javafmlmod.AutomaticEventSubscriber/LOADING]: Scanning class net.goui.cosmicdungeon.protection.DungeonProtectionEvents for @SubscribeEvent-annotated methods
[21Apr2026 17:57:22.151] [modloading-worker-0/DEBUG] [net.neoforged.fml.javafmlmod.AutomaticEventSubscriber/LOADING]: Subscribing method public static void net.goui.cosmicdungeon.protection.DungeonProtectionEvents.onUseItemOnBlock(net.neoforged.neoforge.event.entity.player.UseItemOnBlockEvent) to the game event bus
[21Apr2026 17:57:22.168] [modloading-worker-0/DEBUG] [net.neoforged.fml.javafmlmod.AutomaticEventSubscriber/LOADING]: Attempting to inject @EventBusSubscriber classes into the eventbus for neoforge
[21Apr2026 17:57:22.168] [modloading-worker-0/DEBUG] [net.neoforged.fml.javafmlmod.AutomaticEventSubscriber/LOADING]: Scanning class net.neoforged.neoforge.attachment.AttachmentInternals for @SubscribeEvent-annotated methods
[21Apr2026 17:57:22.169] [modloading-worker-0/DEBUG] [net.neoforged.fml.javafmlmod.AutomaticEventSubscriber/LOADING]: Subscribing method public static void net.neoforged.neoforge.attachment.AttachmentInternals.onLivingConvert(net.neoforged.neoforge.event.entity.living.LivingConversionEvent$Post) to the game event bus
[21Apr2026 17:57:22.170] [modloading-worker-0/DEBUG] [net.neoforged.fml.javafmlmod.AutomaticEventSubscriber/LOADING]: Subscribing method public static void net.neoforged.neoforge.attachment.AttachmentInternals.onPlayerClone(net.neoforged.neoforge.event.entity.player.PlayerEvent$Clone) to the game event bus
[21Apr2026 17:57:22.170] [modloading-worker-0/DEBUG] [net.neoforged.fml.javafmlmod.AutomaticEventSubscriber/LOADING]: Scanning class net.neoforged.neoforge.attachment.AttachmentSync for @SubscribeEvent-annotated methods
[21Apr2026 17:57:22.172] [modloading-worker-0/DEBUG] [net.neoforged.fml.javafmlmod.AutomaticEventSubscriber/LOADING]: Subscribing method public static void net.neoforged.neoforge.attachment.AttachmentSync.onChunkSent(net.neoforged.neoforge.event.level.ChunkWatchEvent$Sent) to the game event bus
[21Apr2026 17:57:22.172] [modloading-worker-0/DEBUG] [net.neoforged.fml.javafmlmod.AutomaticEventSubscriber/LOADING]: Scanning class net.neoforged.neoforge.common.MonsterRoomHooks for @SubscribeEvent-annotated methods
[21Apr2026 17:57:22.172] [modloading-worker-0/DEBUG] [net.neoforged.fml.javafmlmod.AutomaticEventSubscriber/LOADING]: Subscribing method public static void net.neoforged.neoforge.common.MonsterRoomHooks.onDataMapsUpdated(net.neoforged.neoforge.registries.datamaps.DataMapsUpdatedEvent) to the game event bus
[21Apr2026 17:57:22.172] [modloading-worker-0/DEBUG] [net.neoforged.fml.javafmlmod.AutomaticEventSubscriber/LOADING]: Scanning class net.neoforged.neoforge.network.ConfigurationInitialization for @SubscribeEvent-annotated methods
[21Apr2026 17:57:22.174] [modloading-worker-0/DEBUG] [net.neoforged.fml.javafmlmod.AutomaticEventSubscriber/LOADING]: Subscribing method private static void net.neoforged.neoforge.network.ConfigurationInitialization.configureModdedClient(net.neoforged.neoforge.network.event.RegisterConfigurationTasksEvent) to the event bus of mod neoforge
[21Apr2026 17:57:22.175] [modloading-worker-0/DEBUG] [net.neoforged.fml.javafmlmod.AutomaticEventSubscriber/LOADING]: Scanning class net.neoforged.neoforge.network.NetworkInitialization for @SubscribeEvent-annotated methods
[21Apr2026 17:57:22.175] [modloading-worker-0/DEBUG] [net.neoforged.fml.javafmlmod.AutomaticEventSubscriber/LOADING]: Subscribing method private static void net.neoforged.neoforge.network.NetworkInitialization.register(net.neoforged.neoforge.network.event.RegisterPayloadHandlersEvent) to the event bus of mod neoforge
[21Apr2026 17:57:22.175] [modloading-worker-0/DEBUG] [net.neoforged.fml.javafmlmod.AutomaticEventSubscriber/LOADING]: Scanning class net.neoforged.neoforge.network.filters.GenericPacketSplitter for @SubscribeEvent-annotated methods
[21Apr2026 17:57:22.188] [modloading-worker-0/DEBUG] [io.netty.buffer.AbstractByteBuf/]: -Dio.netty.buffer.checkAccessible: true
[21Apr2026 17:57:22.188] [modloading-worker-0/DEBUG] [io.netty.buffer.AbstractByteBuf/]: -Dio.netty.buffer.checkBounds: true
[21Apr2026 17:57:22.189] [modloading-worker-0/DEBUG] [io.netty.util.ResourceLeakDetectorFactory/]: Loaded default ResourceLeakDetector: io.netty.util.ResourceLeakDetector@65cf9e0a
[21Apr2026 17:57:22.193] [modloading-worker-0/DEBUG] [io.netty.util.internal.InternalThreadLocalMap/]: -Dio.netty.threadLocalMap.stringBuilder.initialSize: 1024
[21Apr2026 17:57:22.193] [modloading-worker-0/DEBUG] [io.netty.util.internal.InternalThreadLocalMap/]: -Dio.netty.threadLocalMap.stringBuilder.maxSize: 4096
[21Apr2026 17:57:22.194] [modloading-worker-0/DEBUG] [io.netty.buffer.PooledByteBufAllocator/]: -Dio.netty.allocator.numHeapArenas: 6
[21Apr2026 17:57:22.194] [modloading-worker-0/DEBUG] [io.netty.buffer.PooledByteBufAllocator/]: -Dio.netty.allocator.numDirectArenas: 6
[21Apr2026 17:57:22.194] [modloading-worker-0/DEBUG] [io.netty.buffer.PooledByteBufAllocator/]: -Dio.netty.allocator.pageSize: 8192
[21Apr2026 17:57:22.194] [modloading-worker-0/DEBUG] [io.netty.buffer.PooledByteBufAllocator/]: -Dio.netty.allocator.maxOrder: 9
[21Apr2026 17:57:22.194] [modloading-worker-0/DEBUG] [io.netty.buffer.PooledByteBufAllocator/]: -Dio.netty.allocator.chunkSize: 4194304
[21Apr2026 17:57:22.194] [modloading-worker-0/DEBUG] [io.netty.buffer.PooledByteBufAllocator/]: -Dio.netty.allocator.smallCacheSize: 256
[21Apr2026 17:57:22.194] [modloading-worker-0/DEBUG] [io.netty.buffer.PooledByteBufAllocator/]: -Dio.netty.allocator.normalCacheSize: 64
[21Apr2026 17:57:22.194] [modloading-worker-0/DEBUG] [io.netty.buffer.PooledByteBufAllocator/]: -Dio.netty.allocator.maxCachedBufferCapacity: 32768
[21Apr2026 17:57:22.194] [modloading-worker-0/DEBUG] [io.netty.buffer.PooledByteBufAllocator/]: -Dio.netty.allocator.cacheTrimInterval: 8192
[21Apr2026 17:57:22.194] [modloading-worker-0/DEBUG] [io.netty.buffer.PooledByteBufAllocator/]: -Dio.netty.allocator.cacheTrimIntervalMillis: 0
[21Apr2026 17:57:22.194] [modloading-worker-0/DEBUG] [io.netty.buffer.PooledByteBufAllocator/]: -Dio.netty.allocator.useCacheForAllThreads: false
[21Apr2026 17:57:22.194] [modloading-worker-0/DEBUG] [io.netty.buffer.PooledByteBufAllocator/]: -Dio.netty.allocator.maxCachedByteBuffersPerChunk: 1023
[21Apr2026 17:57:22.194] [modloading-worker-0/DEBUG] [io.netty.buffer.PooledByteBufAllocator/]: -Dio.netty.allocator.disableCacheFinalizersForFastThreadLocalThreads: false
[21Apr2026 17:57:22.198] [modloading-worker-0/DEBUG] [io.netty.buffer.ByteBufUtil/]: -Dio.netty.allocator.type: pooled
[21Apr2026 17:57:22.198] [modloading-worker-0/DEBUG] [io.netty.buffer.ByteBufUtil/]: -Dio.netty.threadLocalDirectBufferSize: 0
[21Apr2026 17:57:22.198] [modloading-worker-0/DEBUG] [io.netty.buffer.ByteBufUtil/]: -Dio.netty.maxThreadLocalCharBufferSize: 16384
[21Apr2026 17:57:22.202] [modloading-worker-0/DEBUG] [net.neoforged.fml.javafmlmod.AutomaticEventSubscriber/LOADING]: Subscribing method private static void net.neoforged.neoforge.network.filters.GenericPacketSplitter.register(net.neoforged.neoforge.network.event.RegisterPayloadHandlersEvent) to the event bus of mod neoforge
[21Apr2026 17:57:22.370] [modloading-sync-worker/DEBUG] [net.neoforged.fml.config.ConfigTracker/CONFIG]: Loading configs type COMMON
[21Apr2026 17:57:22.374] [modloading-sync-worker/DEBUG] [net.neoforged.neoforge.common.NeoForgeMod/FORGEMOD]: Loaded NeoForge config file neoforge-common.toml
[21Apr2026 17:57:22.374] [modloading-sync-worker/DEBUG] [net.neoforged.fml.config.ConfigTracker/CONFIG]: Loaded TOML config file /home/503323/userdata/minecraft-neoforge/config/neoforge-common.toml
[21Apr2026 17:57:22.378] [modloading-sync-worker/DEBUG] [net.neoforged.fml.config.ConfigTracker/CONFIG]: Watching TOML config file /home/503323/userdata/minecraft-neoforge/config/neoforge-common.toml for changes
[21Apr2026 17:57:22.378] [modloading-sync-worker/DEBUG] [net.neoforged.fml.config.ConfigTracker/CONFIG]: Loaded TOML config file /home/503323/userdata/minecraft-neoforge/config/cosmicdungeon-common.toml
[21Apr2026 17:57:22.378] [modloading-sync-worker/DEBUG] [net.neoforged.fml.config.ConfigTracker/CONFIG]: Watching TOML config file /home/503323/userdata/minecraft-neoforge/config/cosmicdungeon-common.toml for changes
[21Apr2026 17:57:22.620] [modloading-worker-0/INFO] [com.sk89q.worldedit.extension.platform.PlatformManager/]: Got request to register class com.sk89q.worldedit.neoforge.NeoForgePlatform with WorldEdit [com.sk89q.worldedit.extension.platform.PlatformManager@50b5b4b7]
[21Apr2026 17:57:22.622] [modloading-worker-0/INFO] [com.sk89q.worldedit.neoforge.NeoForgeWorldEdit/]: WorldEdit for NeoForge (version 7.3.17+7262-c7fbe08) is loaded
[21Apr2026 17:57:22.622] [modloading-sync-worker/DEBUG] [net.neoforged.fml.DeferredWorkQueue/LOADING]: Dispatching synchronous work for work queue Common setup: 2 jobs
[21Apr2026 17:57:22.623] [modloading-sync-worker/DEBUG] [net.neoforged.fml.DeferredWorkQueue/LOADING]: Synchronous work queue completed in 634.7 μs
[21Apr2026 17:57:22.690] [main/INFO] [com.mojang.authlib.yggdrasil.YggdrasilAuthenticationService/]: Environment: Environment[sessionHost=https://sessionserver.mojang.com, servicesHost=https://api.minecraftservices.com, profilesHost=https://api.mojang.com, name=PROD]
[21Apr2026 17:57:22.848] [main/DEBUG] [mixin/]: Mixing AccessorServerPlayerGameMode from worldedit-neoforge.mixins.json into net.minecraft.server.level.ServerPlayerGameMode
[21Apr2026 17:57:22.848] [main/DEBUG] [mixin/]: worldedit-neoforge.mixins.json:AccessorServerPlayerGameMode from mod worldedit: Class version 65 required is higher than the class version supported by the current version of Mixin (JAVA_17 supports class version 61)
[21Apr2026 17:57:24.100] [Worker-Main-2/INFO] [com.sk89q.worldedit.extension.platform.PlatformCommandManager/]: Registering commands with com.sk89q.worldedit.neoforge.NeoForgePlatform
[21Apr2026 17:57:24.437] [main/INFO] [net.minecraft.world.item.crafting.RecipeManager/]: Loaded 1462 recipes
[21Apr2026 17:57:24.446] [main/INFO] [net.minecraft.advancements.AdvancementTree/]: Loaded 1585 advancements
[21Apr2026 17:57:24.448] [main/INFO] [net.neoforged.neoforge.common.crafting.RecipePriorityManager/]: Loaded 0 recipe priority overrides
[21Apr2026 17:57:24.503] [main/DEBUG] [net.neoforged.neoforge.common.CommonHooks/WP]: Gathered mod list to write to world save world
[21Apr2026 17:57:24.563] [Server thread/INFO] [net.minecraft.server.dedicated.DedicatedServer/]: Starting minecraft server version 1.21.10
[21Apr2026 17:57:24.563] [Server thread/INFO] [net.minecraft.server.dedicated.DedicatedServer/]: Loading properties
[21Apr2026 17:57:24.564] [Server thread/INFO] [net.minecraft.server.dedicated.DedicatedServer/]: Default game type: SURVIVAL
[21Apr2026 17:57:24.564] [Server thread/INFO] [net.minecraft.server.MinecraftServer/]: Generating keypair
[21Apr2026 17:57:24.614] [Server thread/INFO] [net.minecraft.server.dedicated.DedicatedServer/]: Starting Minecraft server on 0.0.0.0:25565
[21Apr2026 17:57:24.615] [Server thread/DEBUG] [net.neoforged.neoforge.network.DualStackUtils/]: Detected IPv4 address: "0.0.0.0"
[21Apr2026 17:57:24.619] [Server thread/DEBUG] [io.netty.util.internal.NativeLibraryLoader/]: -Dio.netty.native.workdir: /tmp (io.netty.tmpdir)
[21Apr2026 17:57:24.619] [Server thread/DEBUG] [io.netty.util.internal.NativeLibraryLoader/]: -Dio.netty.native.deleteLibAfterLoading: true
[21Apr2026 17:57:24.619] [Server thread/DEBUG] [io.netty.util.internal.NativeLibraryLoader/]: -Dio.netty.native.tryPatchShadedId: true
[21Apr2026 17:57:24.619] [Server thread/DEBUG] [io.netty.util.internal.NativeLibraryLoader/]: -Dio.netty.native.detectNativeLibraryDuplicates: true
[21Apr2026 17:57:24.622] [Server thread/DEBUG] [io.netty.util.internal.NativeLibraryLoader/]: Successfully loaded the library /tmp/libnetty_transport_native_epoll_x86_6410187975929378957261.so
[21Apr2026 17:57:24.624] [Server thread/DEBUG] [io.netty.util.NetUtil/]: -Djava.net.preferIPv4Stack: true
[21Apr2026 17:57:24.624] [Server thread/DEBUG] [io.netty.util.NetUtil/]: -Djava.net.preferIPv6Addresses: false
[21Apr2026 17:57:24.625] [Server thread/DEBUG] [io.netty.util.NetUtilInitializations/]: Loopback interface: lo (lo, 127.0.0.1)
[21Apr2026 17:57:24.625] [Server thread/DEBUG] [io.netty.util.NetUtil/]: /proc/sys/net/core/somaxconn: 128
[21Apr2026 17:57:24.628] [Server thread/DEBUG] [io.netty.channel.MultithreadEventLoopGroup/]: -Dio.netty.eventLoopThreads: 6
[21Apr2026 17:57:24.631] [Server thread/DEBUG] [io.netty.util.concurrent.GlobalEventExecutor/]: -Dio.netty.globalEventExecutor.quietPeriodSeconds: 1
[21Apr2026 17:57:24.639] [Server thread/DEBUG] [io.netty.util.internal.PlatformDependent/]: org.jctools-core.MpscChunkedArrayQueue: available
[21Apr2026 17:57:24.641] [Server thread/INFO] [net.minecraft.server.network.ServerConnectionListener/]: Using epoll channel type
[21Apr2026 17:57:24.649] [Server thread/DEBUG] [io.netty.channel.DefaultChannelId/]: -Dio.netty.processId: 6 (auto-detected)
[21Apr2026 17:57:24.650] [Server thread/DEBUG] [io.netty.channel.DefaultChannelId/]: -Dio.netty.machineId: 02:42:ac:ff:fe:11:00:15 (auto-detected)
[21Apr2026 17:57:24.660] [Server thread/DEBUG] [io.netty.bootstrap.ChannelInitializerExtensions/]: -Dio.netty.bootstrap.extensions: null
[21Apr2026 17:57:24.674] [Server thread/DEBUG] [net.neoforged.fml.config.ConfigTracker/CONFIG]: Loading configs type SERVER
[21Apr2026 17:57:24.674] [Server thread/DEBUG] [net.neoforged.neoforge.common.NeoForgeMod/FORGEMOD]: Loaded NeoForge config file neoforge-server.toml
[21Apr2026 17:57:24.674] [Server thread/DEBUG] [net.neoforged.fml.config.ConfigTracker/CONFIG]: Loaded TOML config file /home/503323/userdata/minecraft-neoforge/config/neoforge-server.toml
[21Apr2026 17:57:24.674] [Server thread/DEBUG] [net.neoforged.fml.config.ConfigTracker/CONFIG]: Watching TOML config file /home/503323/userdata/minecraft-neoforge/config/neoforge-server.toml for changes
[21Apr2026 17:57:24.692] [Server thread/INFO] [net.minecraft.server.dedicated.DedicatedServer/]: Preparing level "world"
[21Apr2026 17:57:25.697] [Server thread/INFO] [net.minecraft.server.level.progress.LoggingLevelLoadListener/]: Loading 0 persistent chunks...
[21Apr2026 17:57:25.698] [Server thread/INFO] [net.minecraft.server.level.progress.LoggingLevelLoadListener/]: Preparing spawn area: 100%
[21Apr2026 17:57:25.708] [Server thread/INFO] [net.minecraft.server.level.progress.LoggingLevelLoadListener/]: Time elapsed: 11 ms
[21Apr2026 17:57:25.708] [Server thread/INFO] [net.minecraft.server.dedicated.DedicatedServer/]: Done (1.034s)! For help, type "help"
[21Apr2026 17:57:25.708] [Server thread/INFO] [net.minecraft.server.dedicated.DedicatedServer/]: Starting GS4 status listener
[21Apr2026 17:57:25.714] [Server thread/INFO] [net.minecraft.server.rcon.thread.GenericThread/]: Thread Query Listener started
[21Apr2026 17:57:25.714] [Query Listener #1/INFO] [net.minecraft.server.rcon.thread.QueryThreadGs4/]: Query running on 0.0.0.0:25565
[21Apr2026 17:57:25.773] [Server thread/DEBUG] [net.neoforged.neoforge.server.LanguageHook/]: Loaded 5 language files for en_us
[21Apr2026 17:57:25.777] [Server thread/INFO] [net.neoforged.neoforge.server.permission.PermissionAPI/]: Successfully initialized permission handler neoforge:default_handler
[21Apr2026 17:57:53.020] [Netty Epoll Server IO #1/DEBUG] [io.netty.util.Recycler/]: -Dio.netty.recycler.maxCapacityPerThread: 4096
[21Apr2026 17:57:53.020] [Netty Epoll Server IO #1/DEBUG] [io.netty.util.Recycler/]: -Dio.netty.recycler.ratio: 8
[21Apr2026 17:57:53.020] [Netty Epoll Server IO #1/DEBUG] [io.netty.util.Recycler/]: -Dio.netty.recycler.chunkSize: 32
[21Apr2026 17:57:53.021] [Netty Epoll Server IO #1/DEBUG] [io.netty.util.Recycler/]: -Dio.netty.recycler.blocking: false
[21Apr2026 17:57:53.021] [Netty Epoll Server IO #1/DEBUG] [io.netty.util.Recycler/]: -Dio.netty.recycler.batchFastThreadLocalOnly: true
[21Apr2026 17:57:57.593] [User Authenticator #1/INFO] [net.minecraft.server.network.ServerLoginPacketListenerImpl/]: UUID of player goui12 is b4971547-6bd0-4206-bc52-e3285bfbda36
[21Apr2026 17:57:57.835] [Netty Epoll Server IO #2/DEBUG] [net.neoforged.neoforge.network.filters.NetworkFilters/]: Injected net.neoforged.neoforge.network.filters.GenericPacketSplitter@1da4be88 into net.minecraft.network.Connection@41db6281
[21Apr2026 17:57:59.462] [Netty Epoll Server IO #2/DEBUG] [net.neoforged.neoforge.network.filters.NetworkFilters/]: Injected net.neoforged.neoforge.network.filters.GenericPacketSplitter@375f821b into net.minecraft.network.Connection@41db6281
[21Apr2026 17:57:59.556] [Server thread/INFO] [net.minecraft.server.players.PlayerList/]: goui12[/73.240.199.5:65348] logged in with entity id 477 at (693.4671702484598, -59.0, 67.4307823497997)
[21Apr2026 17:57:59.559] [Server thread/DEBUG] [mixin/]: Mixing MixinServerGamePacketListenerImpl from worldedit-neoforge.mixins.json into net.minecraft.server.network.ServerGamePacketListenerImpl
[21Apr2026 17:57:59.560] [Server thread/DEBUG] [mixin/]: worldedit-neoforge.mixins.json:MixinServerGamePacketListenerImpl from mod worldedit: Class version 65 required is higher than the class version supported by the current version of Mixin (JAVA_17 supports class version 61)
[21Apr2026 17:57:59.573] [Server thread/DEBUG] [mixin/]: worldedit-neoforge.mixins.json:MixinServerGamePacketListenerImpl from mod worldedit->@Inject::onAnimate(Lnet/minecraft/network/protocol/game/ServerboundSwingPacket;Lorg/spongepowered/asm/mixin/injection/callback/CallbackInfo;)V doesn't use it's CallbackInfo
[21Apr2026 17:57:59.574] [Server thread/DEBUG] [mixin/]: worldedit-neoforge.mixins.json:MixinServerGamePacketListenerImpl from mod worldedit->@Inject::onAnimate(Lnet/minecraft/network/protocol/game/ServerboundSwingPacket;Lorg/spongepowered/asm/mixin/injection/callback/CallbackInfo;)V has 0 override(s) in child classes
[21Apr2026 17:57:59.574] [Server thread/DEBUG] [mixin/]: worldedit-neoforge.mixins.json:MixinServerGamePacketListenerImpl from mod worldedit->@Inject::onAnimate(Lnet/minecraft/network/protocol/game/ServerboundSwingPacket;Lorg/spongepowered/asm/mixin/injection/callback/CallbackInfo;)V won't be passed a CallbackInfo as a result
[21Apr2026 17:57:59.574] [Server thread/DEBUG] [mixin/]: worldedit-neoforge.mixins.json:MixinServerGamePacketListenerImpl from mod worldedit->@Inject::onAction(Lnet/minecraft/network/protocol/game/ServerboundPlayerActionPacket;Lorg/spongepowered/asm/mixin/injection/callback/CallbackInfo;)V doesn't use it's CallbackInfo
[21Apr2026 17:57:59.574] [Server thread/DEBUG] [mixin/]: worldedit-neoforge.mixins.json:MixinServerGamePacketListenerImpl from mod worldedit->@Inject::onAction(Lnet/minecraft/network/protocol/game/ServerboundPlayerActionPacket;Lorg/spongepowered/asm/mixin/injection/callback/CallbackInfo;)V has 0 override(s) in child classes
[21Apr2026 17:57:59.574] [Server thread/DEBUG] [mixin/]: worldedit-neoforge.mixins.json:MixinServerGamePacketListenerImpl from mod worldedit->@Inject::onAction(Lnet/minecraft/network/protocol/game/ServerboundPlayerActionPacket;Lorg/spongepowered/asm/mixin/injection/callback/CallbackInfo;)V won't be passed a CallbackInfo as a result
[21Apr2026 17:57:59.587] [Server thread/DEBUG] [net.neoforged.neoforge.common.CommonHooks/]: Sending 0 recipes of the following types: []
[21Apr2026 17:57:59.628] [Server thread/INFO] [net.minecraft.server.MinecraftServer/]: goui12 joined the game
[21Apr2026 17:58:18.355] [Server thread/DEBUG] [net.neoforged.neoforge.common.CommonHooks/WP]: Gathered mod list to write to world save world
[21Apr2026 17:58:20.982] [Server thread/WARN] [net.minecraft.server.MinecraftServer/]: Can't keep up! Is the server overloaded? Running 2667ms or 53 ticks behind
[21Apr2026 17:58:49.337] [Server thread/DEBUG] [net.neoforged.neoforge.common.CommonHooks/WP]: Gathered mod list to write to world save world
[21Apr2026 17:58:51.724] [Server thread/WARN] [net.minecraft.server.MinecraftServer/]: Can't keep up! Is the server overloaded? Running 2359ms or 47 ticks behind
